-- MySQL dump 10.13  Distrib 5.5.62, for Win64 (AMD64)
--
-- Host: localhost    Database: app
-- ------------------------------------------------------
-- Server version	5.5.5-10.5.8-MariaDB

/*!40101 SET @OLD_CHARACTER_SET_CLIENT=@@CHARACTER_SET_CLIENT */;
/*!40101 SET @OLD_CHARACTER_SET_RESULTS=@@CHARACTER_SET_RESULTS */;
/*!40101 SET @OLD_COLLATION_CONNECTION=@@COLLATION_CONNECTION */;
/*!40101 SET NAMES utf8 */;
/*!40103 SET @OLD_TIME_ZONE=@@TIME_ZONE */;
/*!40103 SET TIME_ZONE='+00:00' */;
/*!40014 SET @OLD_UNIQUE_CHECKS=@@UNIQUE_CHECKS, UNIQUE_CHECKS=0 */;
/*!40014 SET @OLD_FOREIGN_KEY_CHECKS=@@FOREIGN_KEY_CHECKS, FOREIGN_KEY_CHECKS=0 */;
/*!40101 SET @OLD_SQL_MODE=@@SQL_MODE, SQL_MODE='NO_AUTO_VALUE_ON_ZERO' */;
/*!40111 SET @OLD_SQL_NOTES=@@SQL_NOTES, SQL_NOTES=0 */;

--
-- Table structure for table `batch_job_execution`
--

/*!40101 SET @saved_cs_client     = @@character_set_client */;
/*!40101 SET character_set_client = utf8 */;
CREATE TABLE `batch_job_execution` (
  `JOB_EXECUTION_ID` bigint(20) NOT NULL,
  `VERSION` bigint(20) DEFAULT NULL,
  `JOB_INSTANCE_ID` bigint(20) NOT NULL,
  `CREATE_TIME` datetime(6) NOT NULL,
  `START_TIME` datetime(6) DEFAULT NULL,
  `END_TIME` datetime(6) DEFAULT NULL,
  `STATUS` varchar(10) DEFAULT NULL,
  `EXIT_CODE` varchar(2500) DEFAULT NULL,
  `EXIT_MESSAGE` varchar(2500) DEFAULT NULL,
  `LAST_UPDATED` datetime(6) DEFAULT NULL,
  `JOB_CONFIGURATION_LOCATION` varchar(2500) DEFAULT NULL,
  PRIMARY KEY (`JOB_EXECUTION_ID`),
  KEY `JOB_INST_EXEC_FK` (`JOB_INSTANCE_ID`),
  CONSTRAINT `JOB_INST_EXEC_FK` FOREIGN KEY (`JOB_INSTANCE_ID`) REFERENCES `batch_job_instance` (`JOB_INSTANCE_ID`)
) ENGINE=InnoDB DEFAULT CHARSET=utf8;
/*!40101 SET character_set_client = @saved_cs_client */;

--
-- Dumping data for table `batch_job_execution`
--

LOCK TABLES `batch_job_execution` WRITE;
/*!40000 ALTER TABLE `batch_job_execution` DISABLE KEYS */;
INSERT INTO `batch_job_execution` VALUES (1,2,1,'2021-07-21 11:56:42.221000','2021-07-21 11:56:42.276000','2021-07-21 11:57:16.298000','COMPLETED','COMPLETED','','2021-07-21 11:57:16.298000',NULL),(2,1,2,'2021-07-25 20:39:47.435000','2021-07-25 20:39:47.446000',NULL,'STARTED','UNKNOWN','','2021-07-25 20:39:47.447000',NULL);
/*!40000 ALTER TABLE `batch_job_execution` ENABLE KEYS */;
UNLOCK TABLES;

--
-- Table structure for table `batch_job_execution_context`
--

/*!40101 SET @saved_cs_client     = @@character_set_client */;
/*!40101 SET character_set_client = utf8 */;
CREATE TABLE `batch_job_execution_context` (
  `JOB_EXECUTION_ID` bigint(20) NOT NULL,
  `SHORT_CONTEXT` varchar(2500) NOT NULL,
  `SERIALIZED_CONTEXT` text DEFAULT NULL,
  PRIMARY KEY (`JOB_EXECUTION_ID`),
  CONSTRAINT `JOB_EXEC_CTX_FK` FOREIGN KEY (`JOB_EXECUTION_ID`) REFERENCES `batch_job_execution` (`JOB_EXECUTION_ID`)
) ENGINE=InnoDB DEFAULT CHARSET=utf8;
/*!40101 SET character_set_client = @saved_cs_client */;

--
-- Dumping data for table `batch_job_execution_context`
--

LOCK TABLES `batch_job_execution_context` WRITE;
/*!40000 ALTER TABLE `batch_job_execution_context` DISABLE KEYS */;
INSERT INTO `batch_job_execution_context` VALUES (1,'{\"@class\":\"java.util.HashMap\"}',NULL),(2,'{\"@class\":\"java.util.HashMap\"}',NULL);
/*!40000 ALTER TABLE `batch_job_execution_context` ENABLE KEYS */;
UNLOCK TABLES;

--
-- Table structure for table `batch_job_execution_params`
--

/*!40101 SET @saved_cs_client     = @@character_set_client */;
/*!40101 SET character_set_client = utf8 */;
CREATE TABLE `batch_job_execution_params` (
  `JOB_EXECUTION_ID` bigint(20) NOT NULL,
  `TYPE_CD` varchar(6) NOT NULL,
  `KEY_NAME` varchar(100) NOT NULL,
  `STRING_VAL` varchar(250) DEFAULT NULL,
  `DATE_VAL` datetime(6) DEFAULT NULL,
  `LONG_VAL` bigint(20) DEFAULT NULL,
  `DOUBLE_VAL` double DEFAULT NULL,
  `IDENTIFYING` char(1) NOT NULL,
  KEY `JOB_EXEC_PARAMS_FK` (`JOB_EXECUTION_ID`),
  CONSTRAINT `JOB_EXEC_PARAMS_FK` FOREIGN KEY (`JOB_EXECUTION_ID`) REFERENCES `batch_job_execution` (`JOB_EXECUTION_ID`)
) ENGINE=InnoDB DEFAULT CHARSET=utf8;
/*!40101 SET character_set_client = @saved_cs_client */;

--
-- Dumping data for table `batch_job_execution_params`
--

LOCK TABLES `batch_job_execution_params` WRITE;
/*!40000 ALTER TABLE `batch_job_execution_params` DISABLE KEYS */;
INSERT INTO `batch_job_execution_params` VALUES (1,'LONG','startTime','','1969-12-31 19:00:00.000000',1626883002210,0,'Y'),(1,'LONG','id','','1969-12-31 19:00:00.000000',1,0,'Y'),(2,'LONG','startTime','','1969-12-31 19:00:00.000000',1627259987417,0,'Y'),(2,'LONG','id','','1969-12-31 19:00:00.000000',2,0,'Y');
/*!40000 ALTER TABLE `batch_job_execution_params` ENABLE KEYS */;
UNLOCK TABLES;

--
-- Table structure for table `batch_job_execution_seq`
--

/*!40101 SET @saved_cs_client     = @@character_set_client */;
/*!40101 SET character_set_client = utf8 */;
CREATE TABLE `batch_job_execution_seq` (
  `ID` bigint(20) NOT NULL,
  `UNIQUE_KEY` char(1) NOT NULL,
  UNIQUE KEY `UNIQUE_KEY_UN` (`UNIQUE_KEY`)
) ENGINE=InnoDB DEFAULT CHARSET=utf8;
/*!40101 SET character_set_client = @saved_cs_client */;

--
-- Dumping data for table `batch_job_execution_seq`
--

LOCK TABLES `batch_job_execution_seq` WRITE;
/*!40000 ALTER TABLE `batch_job_execution_seq` DISABLE KEYS */;
INSERT INTO `batch_job_execution_seq` VALUES (2,'0');
/*!40000 ALTER TABLE `batch_job_execution_seq` ENABLE KEYS */;
UNLOCK TABLES;

--
-- Table structure for table `batch_job_instance`
--

/*!40101 SET @saved_cs_client     = @@character_set_client */;
/*!40101 SET character_set_client = utf8 */;
CREATE TABLE `batch_job_instance` (
  `JOB_INSTANCE_ID` bigint(20) NOT NULL,
  `VERSION` bigint(20) DEFAULT NULL,
  `JOB_NAME` varchar(100) NOT NULL,
  `JOB_KEY` varchar(32) NOT NULL,
  PRIMARY KEY (`JOB_INSTANCE_ID`),
  UNIQUE KEY `JOB_INST_UN` (`JOB_NAME`,`JOB_KEY`)
) ENGINE=InnoDB DEFAULT CHARSET=utf8;
/*!40101 SET character_set_client = @saved_cs_client */;

--
-- Dumping data for table `batch_job_instance`
--

LOCK TABLES `batch_job_instance` WRITE;
/*!40000 ALTER TABLE `batch_job_instance` DISABLE KEYS */;
INSERT INTO `batch_job_instance` VALUES (1,0,'rosterLoad','e461cc9472ec097a85266193fc4b377b'),(2,0,'rosterLoad','eb8331280dc3870c3aa062b6b5bd7543');
/*!40000 ALTER TABLE `batch_job_instance` ENABLE KEYS */;
UNLOCK TABLES;

--
-- Table structure for table `batch_job_seq`
--

/*!40101 SET @saved_cs_client     = @@character_set_client */;
/*!40101 SET character_set_client = utf8 */;
CREATE TABLE `batch_job_seq` (
  `ID` bigint(20) NOT NULL,
  `UNIQUE_KEY` char(1) NOT NULL,
  UNIQUE KEY `UNIQUE_KEY_UN` (`UNIQUE_KEY`)
) ENGINE=InnoDB DEFAULT CHARSET=utf8;
/*!40101 SET character_set_client = @saved_cs_client */;

--
-- Dumping data for table `batch_job_seq`
--

LOCK TABLES `batch_job_seq` WRITE;
/*!40000 ALTER TABLE `batch_job_seq` DISABLE KEYS */;
INSERT INTO `batch_job_seq` VALUES (2,'0');
/*!40000 ALTER TABLE `batch_job_seq` ENABLE KEYS */;
UNLOCK TABLES;

--
-- Table structure for table `batch_step_execution`
--

/*!40101 SET @saved_cs_client     = @@character_set_client */;
/*!40101 SET character_set_client = utf8 */;
CREATE TABLE `batch_step_execution` (
  `STEP_EXECUTION_ID` bigint(20) NOT NULL,
  `VERSION` bigint(20) NOT NULL,
  `STEP_NAME` varchar(100) NOT NULL,
  `JOB_EXECUTION_ID` bigint(20) NOT NULL,
  `START_TIME` datetime(6) NOT NULL,
  `END_TIME` datetime(6) DEFAULT NULL,
  `STATUS` varchar(10) DEFAULT NULL,
  `COMMIT_COUNT` bigint(20) DEFAULT NULL,
  `READ_COUNT` bigint(20) DEFAULT NULL,
  `FILTER_COUNT` bigint(20) DEFAULT NULL,
  `WRITE_COUNT` bigint(20) DEFAULT NULL,
  `READ_SKIP_COUNT` bigint(20) DEFAULT NULL,
  `WRITE_SKIP_COUNT` bigint(20) DEFAULT NULL,
  `PROCESS_SKIP_COUNT` bigint(20) DEFAULT NULL,
  `ROLLBACK_COUNT` bigint(20) DEFAULT NULL,
  `EXIT_CODE` varchar(2500) DEFAULT NULL,
  `EXIT_MESSAGE` varchar(2500) DEFAULT NULL,
  `LAST_UPDATED` datetime(6) DEFAULT NULL,
  PRIMARY KEY (`STEP_EXECUTION_ID`),
  KEY `JOB_EXEC_STEP_FK` (`JOB_EXECUTION_ID`),
  CONSTRAINT `JOB_EXEC_STEP_FK` FOREIGN KEY (`JOB_EXECUTION_ID`) REFERENCES `batch_job_execution` (`JOB_EXECUTION_ID`)
) ENGINE=InnoDB DEFAULT CHARSET=utf8;
/*!40101 SET character_set_client = @saved_cs_client */;

--
-- Dumping data for table `batch_step_execution`
--

LOCK TABLES `batch_step_execution` WRITE;
/*!40000 ALTER TABLE `batch_step_execution` DISABLE KEYS */;
INSERT INTO `batch_step_execution` VALUES (1,3,'rosterLoad',1,'2021-07-21 11:56:42.299000','2021-07-21 11:57:16.293000','COMPLETED',1,0,0,0,0,0,0,0,'COMPLETED','','2021-07-21 11:57:16.293000'),(2,1,'rosterLoad',2,'2021-07-25 20:39:47.479000',NULL,'STARTED',0,0,0,0,0,0,0,0,'EXECUTING','','2021-07-25 20:39:47.480000');
/*!40000 ALTER TABLE `batch_step_execution` ENABLE KEYS */;
UNLOCK TABLES;

--
-- Table structure for table `batch_step_execution_context`
--

/*!40101 SET @saved_cs_client     = @@character_set_client */;
/*!40101 SET character_set_client = utf8 */;
CREATE TABLE `batch_step_execution_context` (
  `STEP_EXECUTION_ID` bigint(20) NOT NULL,
  `SHORT_CONTEXT` varchar(2500) NOT NULL,
  `SERIALIZED_CONTEXT` text DEFAULT NULL,
  PRIMARY KEY (`STEP_EXECUTION_ID`),
  CONSTRAINT `STEP_EXEC_CTX_FK` FOREIGN KEY (`STEP_EXECUTION_ID`) REFERENCES `batch_step_execution` (`STEP_EXECUTION_ID`)
) ENGINE=InnoDB DEFAULT CHARSET=utf8;
/*!40101 SET character_set_client = @saved_cs_client */;

--
-- Dumping data for table `batch_step_execution_context`
--

LOCK TABLES `batch_step_execution_context` WRITE;
/*!40000 ALTER TABLE `batch_step_execution_context` DISABLE KEYS */;
INSERT INTO `batch_step_execution_context` VALUES (1,'{\"@class\":\"java.util.HashMap\",\"batch.taskletType\":\"nos.sportsteamsboot.batch.NbaRosterLoadTasklet\",\"batch.stepType\":\"org.springframework.batch.core.step.tasklet.TaskletStep\"}',NULL),(2,'{\"@class\":\"java.util.HashMap\",\"batch.taskletType\":\"nos.sportsteamsboot.batch.NbaRosterLoadTasklet\",\"batch.stepType\":\"org.springframework.batch.core.step.tasklet.TaskletStep\"}',NULL);
/*!40000 ALTER TABLE `batch_step_execution_context` ENABLE KEYS */;
UNLOCK TABLES;

--
-- Table structure for table `batch_step_execution_seq`
--

/*!40101 SET @saved_cs_client     = @@character_set_client */;
/*!40101 SET character_set_client = utf8 */;
CREATE TABLE `batch_step_execution_seq` (
  `ID` bigint(20) NOT NULL,
  `UNIQUE_KEY` char(1) NOT NULL,
  UNIQUE KEY `UNIQUE_KEY_UN` (`UNIQUE_KEY`)
) ENGINE=InnoDB DEFAULT CHARSET=utf8;
/*!40101 SET character_set_client = @saved_cs_client */;

--
-- Dumping data for table `batch_step_execution_seq`
--

LOCK TABLES `batch_step_execution_seq` WRITE;
/*!40000 ALTER TABLE `batch_step_execution_seq` DISABLE KEYS */;
INSERT INTO `batch_step_execution_seq` VALUES (2,'0');
/*!40000 ALTER TABLE `batch_step_execution_seq` ENABLE KEYS */;
UNLOCK TABLES;

--
-- Table structure for table `game`
--

/*!40101 SET @saved_cs_client     = @@character_set_client */;
/*!40101 SET character_set_client = utf8 */;
CREATE TABLE `game` (
  `id` bigint(20) NOT NULL AUTO_INCREMENT,
  `external_id` varchar(128) DEFAULT NULL,
  `home_team_id` bigint(20) NOT NULL,
  `away_team_id` bigint(20) NOT NULL,
  `home_score` int(10) unsigned NOT NULL,
  `away_score` int(10) unsigned NOT NULL,
  `status` varchar(32) NOT NULL,
  `start_timestamp` datetime NOT NULL,
  `created_timestamp` datetime NOT NULL DEFAULT current_timestamp(),
  `modified_timestamp` datetime NOT NULL DEFAULT current_timestamp() ON UPDATE current_timestamp(),
  PRIMARY KEY (`id`),
  KEY `fk_game_home_team` (`home_team_id`),
  KEY `fk_game_away_team` (`away_team_id`),
  CONSTRAINT `fk_game_away_team` FOREIGN KEY (`away_team_id`) REFERENCES `team` (`id`),
  CONSTRAINT `fk_game_home_team` FOREIGN KEY (`home_team_id`) REFERENCES `team` (`id`)
) ENGINE=InnoDB AUTO_INCREMENT=4 DEFAULT CHARSET=utf8;
/*!40101 SET character_set_client = @saved_cs_client */;

--
-- Dumping data for table `game`
--

LOCK TABLES `game` WRITE;
/*!40000 ALTER TABLE `game` DISABLE KEYS */;
INSERT INTO `game` VALUES (1,NULL,1,2,2,1,'COMPLETED','2020-01-01 00:00:00','2021-07-21 11:56:18','2021-07-21 11:56:18'),(2,NULL,2,1,0,0,'IN_PROGRESS','2020-01-01 01:00:00','2021-07-21 11:56:18','2021-07-21 11:56:18'),(3,NULL,1,2,0,0,'SCHEDULED','2020-01-01 01:00:00','2021-07-21 11:56:18','2021-07-21 11:56:18');
/*!40000 ALTER TABLE `game` ENABLE KEYS */;
UNLOCK TABLES;

--
-- Table structure for table `player`
--

/*!40101 SET @saved_cs_client     = @@character_set_client */;
/*!40101 SET character_set_client = utf8 */;
CREATE TABLE `player` (
  `id` bigint(20) NOT NULL AUTO_INCREMENT,
  `external_id` varchar(128) DEFAULT NULL,
  `name` varchar(128) NOT NULL,
  `created_timestamp` datetime NOT NULL DEFAULT current_timestamp(),
  `modified_timestamp` datetime NOT NULL DEFAULT current_timestamp() ON UPDATE current_timestamp(),
  PRIMARY KEY (`id`),
  UNIQUE KEY `uq_player_name` (`name`)
) ENGINE=InnoDB AUTO_INCREMENT=507 DEFAULT CHARSET=utf8;
/*!40101 SET character_set_client = @saved_cs_client */;

--
-- Dumping data for table `player`
--

LOCK TABLES `player` WRITE;
/*!40000 ALTER TABLE `player` DISABLE KEYS */;
INSERT INTO `player` VALUES (1,NULL,'Alex','2021-07-21 11:56:18','2021-07-21 11:56:18'),(2,NULL,'Dan','2021-07-21 11:56:18','2021-07-21 11:56:18'),(3,NULL,'Nick','2021-07-21 11:56:18','2021-07-21 11:56:18'),(4,'101150','Lou Williams','2021-07-21 11:56:44','2021-07-21 11:56:44'),(5,'1627739','Kris Dunn','2021-07-21 11:56:44','2021-07-21 11:56:44'),(6,'1628381','John Collins','2021-07-21 11:56:44','2021-07-21 11:56:44'),(7,'1628981','Bruno Fernando','2021-07-21 11:56:44','2021-07-21 11:56:44'),(8,'1628989','Kevin Huerter','2021-07-21 11:56:44','2021-07-21 11:56:44'),(9,'1629027','Trae Young','2021-07-21 11:56:44','2021-07-21 11:56:44'),(10,'1629164','Brandon Goodwin','2021-07-21 11:56:44','2021-07-21 11:56:44'),(11,'1629629','Cam Reddish','2021-07-21 11:56:44','2021-07-21 11:56:44'),(12,'1629631','De\'Andre Hunter','2021-07-21 11:56:44','2021-07-21 11:56:44'),(13,'1630168','Onyeka Okongwu','2021-07-21 11:56:44','2021-07-21 11:56:44'),(14,'1630219','Skylar Mays','2021-07-21 11:56:44','2021-07-21 11:56:44'),(15,'1630233','Nathan Knight','2021-07-21 11:56:44','2021-07-21 11:56:44'),(16,'201568','Danilo Gallinari','2021-07-21 11:56:44','2021-07-21 11:56:44'),(17,'203503','Tony Snell','2021-07-21 11:56:44','2021-07-21 11:56:44'),(18,'203524','Solomon Hill','2021-07-21 11:56:44','2021-07-21 11:56:44'),(19,'203991','Clint Capela','2021-07-21 11:56:44','2021-07-21 11:56:44'),(20,'203992','Bogdan Bogdanovic','2021-07-21 11:56:44','2021-07-21 11:56:44'),(21,'1627759','Jaylen Brown','2021-07-21 11:56:45','2021-07-21 11:56:45'),(22,'1628369','Jayson Tatum','2021-07-21 11:56:45','2021-07-21 11:56:45'),(23,'1628400','Semi Ojeleye','2021-07-21 11:56:45','2021-07-21 11:56:45'),(24,'1628436','Luke Kornet','2021-07-21 11:56:45','2021-07-21 11:56:45'),(25,'1629035','Carsen Edwards','2021-07-21 11:56:45','2021-07-21 11:56:45'),(26,'1629057','Robert Williams III','2021-07-21 11:56:45','2021-07-21 11:56:45'),(27,'1629605','Tacko Fall','2021-07-21 11:56:45','2021-07-21 11:56:45'),(28,'1629641','Romeo Langford','2021-07-21 11:56:45','2021-07-21 11:56:45'),(29,'1629650','Moses Brown','2021-07-21 11:56:45','2021-07-21 11:56:45'),(30,'1629682','Tremont Waters','2021-07-21 11:56:45','2021-07-21 11:56:45'),(31,'1629684','Grant Williams','2021-07-21 11:56:45','2021-07-21 11:56:45'),(32,'1630174','Aaron Nesmith','2021-07-21 11:56:45','2021-07-21 11:56:45'),(33,'1630202','Payton Pritchard','2021-07-21 11:56:45','2021-07-21 11:56:45'),(34,'201143','Al Horford','2021-07-21 11:56:45','2021-07-21 11:56:45'),(35,'202684','Tristan Thompson','2021-07-21 11:56:45','2021-07-21 11:56:45'),(36,'203095','Evan Fournier','2021-07-21 11:56:45','2021-07-21 11:56:45'),(37,'203935','Marcus Smart','2021-07-21 11:56:45','2021-07-21 11:56:45'),(38,'203953','Jabari Parker','2021-07-21 11:56:45','2021-07-21 11:56:45'),(39,'1626204','Larry Nance Jr.','2021-07-21 11:56:46','2021-07-21 11:56:46'),(40,'1626224','Cedi Osman','2021-07-21 11:56:46','2021-07-21 11:56:46'),(41,'1627752','Taurean Prince','2021-07-21 11:56:46','2021-07-21 11:56:46'),(42,'1628386','Jarrett Allen','2021-07-21 11:56:46','2021-07-21 11:56:46'),(43,'1628392','Isaiah Hartenstein','2021-07-21 11:56:46','2021-07-21 11:56:46'),(44,'1628422','Damyean Dotson','2021-07-21 11:56:46','2021-07-21 11:56:46'),(45,'1629012','Collin Sexton','2021-07-21 11:56:46','2021-07-21 11:56:46'),(46,'1629636','Darius Garland','2021-07-21 11:56:46','2021-07-21 11:56:46'),(47,'1629662','Mfiondu Kabengele','2021-07-21 11:56:46','2021-07-21 11:56:46'),(48,'1629685','Dylan Windler','2021-07-21 11:56:46','2021-07-21 11:56:46'),(49,'1629725','Jeremiah Martin','2021-07-21 11:56:46','2021-07-21 11:56:46'),(50,'1629731','Dean Wade','2021-07-21 11:56:46','2021-07-21 11:56:46'),(51,'1630171','Isaac Okoro','2021-07-21 11:56:46','2021-07-21 11:56:46'),(52,'1630205','Lamar Stevens','2021-07-21 11:56:46','2021-07-21 11:56:46'),(53,'1630271','Brodric Thomas','2021-07-21 11:56:46','2021-07-21 11:56:46'),(54,'201567','Kevin Love','2021-07-21 11:56:46','2021-07-21 11:56:46'),(55,'203521','Matthew Dellavedova','2021-07-21 11:56:46','2021-07-21 11:56:46'),(56,'1626195','Willy Hernangomez','2021-07-21 11:56:47','2021-07-21 11:56:47'),(57,'1627742','Brandon Ingram','2021-07-21 11:56:47','2021-07-21 11:56:47'),(58,'1628366','Lonzo Ball','2021-07-21 11:56:47','2021-07-21 11:56:47'),(59,'1628404','Josh Hart','2021-07-21 11:56:47','2021-07-21 11:56:47'),(60,'1628411','Wes Iwundu','2021-07-21 11:56:47','2021-07-21 11:56:47'),(61,'1629117','Wenyen Gabriel','2021-07-21 11:56:47','2021-07-21 11:56:47'),(62,'1629627','Zion Williamson','2021-07-21 11:56:47','2021-07-21 11:56:47'),(63,'1629637','Jaxson Hayes','2021-07-21 11:56:47','2021-07-21 11:56:47'),(64,'1629638','Nickeil Alexander-Walker','2021-07-21 11:56:47','2021-07-21 11:56:47'),(65,'1629712','Didi Louzada','2021-07-21 11:56:47','2021-07-21 11:56:47'),(66,'1630184','Kira Lewis Jr.','2021-07-21 11:56:47','2021-07-21 11:56:47'),(67,'1630230','Naji Marshall','2021-07-21 11:56:47','2021-07-21 11:56:47'),(68,'201949','James Johnson','2021-07-21 11:56:47','2021-07-21 11:56:47'),(69,'202339','Eric Bledsoe','2021-07-21 11:56:47','2021-07-21 11:56:47'),(70,'203263','James Nunnally','2021-07-21 11:56:47','2021-07-21 11:56:47'),(71,'203500','Steven Adams','2021-07-21 11:56:47','2021-07-21 11:56:47'),(72,'1626245','Cristiano Felicio','2021-07-21 11:56:48','2021-07-21 11:56:48'),(73,'1627756','Denzel Valentine','2021-07-21 11:56:48','2021-07-21 11:56:48'),(74,'1627853','Ryan Arcidiacono','2021-07-21 11:56:48','2021-07-21 11:56:48'),(75,'1628374','Lauri Markkanen','2021-07-21 11:56:48','2021-07-21 11:56:48'),(76,'1628464','Daniel Theis','2021-07-21 11:56:48','2021-07-21 11:56:48'),(77,'1628972','Troy Brown Jr.','2021-07-21 11:56:48','2021-07-21 11:56:48'),(78,'1629632','Coby White','2021-07-21 11:56:48','2021-07-21 11:56:48'),(79,'1629653','Devon Dotson','2021-07-21 11:56:48','2021-07-21 11:56:48'),(80,'1629690','Adam Mokoka','2021-07-21 11:56:48','2021-07-21 11:56:48'),(81,'1629750','Javonte Green','2021-07-21 11:56:48','2021-07-21 11:56:48'),(82,'1630172','Patrick Williams','2021-07-21 11:56:48','2021-07-21 11:56:48'),(83,'201152','Thaddeus Young','2021-07-21 11:56:48','2021-07-21 11:56:48'),(84,'202066','Garrett Temple','2021-07-21 11:56:48','2021-07-21 11:56:48'),(85,'202329','Al-Farouq Aminu','2021-07-21 11:56:48','2021-07-21 11:56:48'),(86,'202696','Nikola Vucevic','2021-07-21 11:56:48','2021-07-21 11:56:48'),(87,'203107','Tomas Satoransky','2021-07-21 11:56:48','2021-07-21 11:56:48'),(88,'203897','Zach LaVine','2021-07-21 11:56:48','2021-07-21 11:56:48'),(89,'1626161','Willie Cauley-Stein','2021-07-21 11:56:49','2021-07-21 11:56:49'),(90,'1626196','Josh Richardson','2021-07-21 11:56:49','2021-07-21 11:56:49'),(91,'1626246','Boban Marjanovic','2021-07-21 11:56:49','2021-07-21 11:56:49'),(92,'1627827','Dorian Finney-Smith','2021-07-21 11:56:49','2021-07-21 11:56:49'),(93,'1628467','Maxi Kleber','2021-07-21 11:56:49','2021-07-21 11:56:49'),(94,'1628973','Jalen Brunson','2021-07-21 11:56:49','2021-07-21 11:56:49'),(95,'1629029','Luka Doncic','2021-07-21 11:56:49','2021-07-21 11:56:49'),(96,'1629740','Nicolo Melli','2021-07-21 11:56:49','2021-07-21 11:56:49'),(97,'1630179','Tyrell Terry','2021-07-21 11:56:49','2021-07-21 11:56:49'),(98,'1630182','Josh Green','2021-07-21 11:56:49','2021-07-21 11:56:49'),(99,'1630189','Tyler Bey','2021-07-21 11:56:49','2021-07-21 11:56:49'),(100,'1630207','Nate Hinton','2021-07-21 11:56:49','2021-07-21 11:56:49'),(101,'200755','JJ Redick','2021-07-21 11:56:49','2021-07-21 11:56:49'),(102,'203501','Tim Hardaway Jr.','2021-07-21 11:56:49','2021-07-21 11:56:49'),(103,'203504','Trey Burke','2021-07-21 11:56:49','2021-07-21 11:56:49'),(104,'203939','Dwight Powell','2021-07-21 11:56:49','2021-07-21 11:56:49'),(105,'204001','Kristaps Porzingis','2021-07-21 11:56:49','2021-07-21 11:56:49'),(106,'1627750','Jamal Murray','2021-07-21 11:56:51','2021-07-21 11:56:51'),(107,'1627885','Shaquille Harrison','2021-07-21 11:56:51','2021-07-21 11:56:51'),(108,'1628408','PJ Dozier','2021-07-21 11:56:51','2021-07-21 11:56:51'),(109,'1628420','Monte Morris','2021-07-21 11:56:51','2021-07-21 11:56:51'),(110,'1628427','Vlatko Cancar','2021-07-21 11:56:51','2021-07-21 11:56:51'),(111,'1629008','Michael Porter Jr.','2021-07-21 11:56:51','2021-07-21 11:56:51'),(112,'1629626','Bol Bol','2021-07-21 11:56:51','2021-07-21 11:56:51'),(113,'1630192','Zeke Nnaji','2021-07-21 11:56:51','2021-07-21 11:56:51'),(114,'1630210','Markus Howard','2021-07-21 11:56:51','2021-07-21 11:56:51'),(115,'1630267','Facundo Campazzo','2021-07-21 11:56:51','2021-07-21 11:56:51'),(116,'200794','Paul Millsap','2021-07-21 11:56:51','2021-07-21 11:56:51'),(117,'201580','JaVale McGee','2021-07-21 11:56:51','2021-07-21 11:56:51'),(118,'203085','Austin Rivers','2021-07-21 11:56:51','2021-07-21 11:56:51'),(119,'203115','Will Barton','2021-07-21 11:56:51','2021-07-21 11:56:51'),(120,'203210','JaMychal Green','2021-07-21 11:56:51','2021-07-21 11:56:51'),(121,'203932','Aaron Gordon','2021-07-21 11:56:51','2021-07-21 11:56:51'),(122,'203999','Nikola Jokic','2021-07-21 11:56:51','2021-07-21 11:56:51'),(123,'1626162','Kelly Oubre Jr.','2021-07-21 11:56:52','2021-07-21 11:56:52'),(124,'1626172','Kevon Looney','2021-07-21 11:56:52','2021-07-21 11:56:52'),(125,'1627780','Gary Payton II','2021-07-21 11:56:52','2021-07-21 11:56:52'),(126,'1627814','Damion Lee','2021-07-21 11:56:52','2021-07-21 11:56:52'),(127,'1628395','Jordan Bell','2021-07-21 11:56:52','2021-07-21 11:56:52'),(128,'1628539','Mychal Mulder','2021-07-21 11:56:52','2021-07-21 11:56:52'),(129,'1629308','Juan Toscano-Anderson','2021-07-21 11:56:52','2021-07-21 11:56:52'),(130,'1629346','Alen Smailagic','2021-07-21 11:56:52','2021-07-21 11:56:52'),(131,'1629672','Eric Paschall','2021-07-21 11:56:52','2021-07-21 11:56:52'),(132,'1629673','Jordan Poole','2021-07-21 11:56:52','2021-07-21 11:56:52'),(133,'1630164','James Wiseman','2021-07-21 11:56:52','2021-07-21 11:56:52'),(134,'1630185','Nico Mannion','2021-07-21 11:56:52','2021-07-21 11:56:52'),(135,'201939','Stephen Curry','2021-07-21 11:56:52','2021-07-21 11:56:52'),(136,'202691','Klay Thompson','2021-07-21 11:56:52','2021-07-21 11:56:52'),(137,'203110','Draymond Green','2021-07-21 11:56:52','2021-07-21 11:56:52'),(138,'203145','Kent Bazemore','2021-07-21 11:56:52','2021-07-21 11:56:52'),(139,'203952','Andrew Wiggins','2021-07-21 11:56:52','2021-07-21 11:56:52'),(140,'1626174','Christian Wood','2021-07-21 11:56:53','2021-07-21 11:56:53'),(141,'1627863','Danuel House Jr.','2021-07-21 11:56:53','2021-07-21 11:56:53'),(142,'1628021','David Nwaba','2021-07-21 11:56:53','2021-07-21 11:56:53'),(143,'1628391','D.J. Wilson','2021-07-21 11:56:53','2021-07-21 11:56:53'),(144,'1628425','Sterling Brown','2021-07-21 11:56:53','2021-07-21 11:56:53'),(145,'1629017','Khyri Thomas','2021-07-21 11:56:53','2021-07-21 11:56:53'),(146,'1629645','Kevin Porter Jr.','2021-07-21 11:56:53','2021-07-21 11:56:53'),(147,'1629717','Armoni Brooks','2021-07-21 11:56:53','2021-07-21 11:56:53'),(148,'1630231','Kenyon Martin Jr.','2021-07-21 11:56:53','2021-07-21 11:56:53'),(149,'1630237','Anthony Lamb','2021-07-21 11:56:53','2021-07-21 11:56:53'),(150,'1630256','Jae\'Sean Tate','2021-07-21 11:56:53','2021-07-21 11:56:53'),(151,'201569','Eric Gordon','2021-07-21 11:56:53','2021-07-21 11:56:53'),(152,'201571','D.J. Augustin','2021-07-21 11:56:53','2021-07-21 11:56:53'),(153,'202322','John Wall','2021-07-21 11:56:53','2021-07-21 11:56:53'),(154,'202340','Avery Bradley','2021-07-21 11:56:53','2021-07-21 11:56:53'),(155,'203482','Kelly Olynyk','2021-07-21 11:56:53','2021-07-21 11:56:53'),(156,'203957','Dante Exum','2021-07-21 11:56:53','2021-07-21 11:56:53'),(157,'1627812','Yogi Ferrell','2021-07-21 11:56:54','2021-07-21 11:56:54'),(158,'1627826','Ivica Zubac','2021-07-21 11:56:54','2021-07-21 11:56:54'),(159,'1628379','Luke Kennard','2021-07-21 11:56:54','2021-07-21 11:56:54'),(160,'1629599','Amir Coffey','2021-07-21 11:56:54','2021-07-21 11:56:54'),(161,'1629611','Terance Mann','2021-07-21 11:56:54','2021-07-21 11:56:54'),(162,'1630187','Daniel Oturu','2021-07-21 11:56:54','2021-07-21 11:56:54'),(163,'1630206','Jay Scrubb','2021-07-21 11:56:54','2021-07-21 11:56:54'),(164,'200765','Rajon Rondo','2021-07-21 11:56:54','2021-07-21 11:56:54'),(165,'201586','Serge Ibaka','2021-07-21 11:56:54','2021-07-21 11:56:54'),(166,'201587','Nicolas Batum','2021-07-21 11:56:54','2021-07-21 11:56:54'),(167,'201976','Patrick Beverley','2021-07-21 11:56:54','2021-07-21 11:56:54'),(168,'202326','DeMarcus Cousins','2021-07-21 11:56:54','2021-07-21 11:56:54'),(169,'202331','Paul George','2021-07-21 11:56:54','2021-07-21 11:56:54'),(170,'202335','Patrick Patterson','2021-07-21 11:56:54','2021-07-21 11:56:54'),(171,'202694','Marcus Morris Sr.','2021-07-21 11:56:54','2021-07-21 11:56:54'),(172,'202695','Kawhi Leonard','2021-07-21 11:56:54','2021-07-21 11:56:54'),(173,'202704','Reggie Jackson','2021-07-21 11:56:54','2021-07-21 11:56:54'),(174,'1626149','Montrezl Harrell','2021-07-21 11:56:55','2021-07-21 11:56:55'),(175,'1627936','Alex Caruso','2021-07-21 11:56:55','2021-07-21 11:56:55'),(176,'1628035','Alfonzo McKinnie','2021-07-21 11:56:55','2021-07-21 11:56:55'),(177,'1628398','Kyle Kuzma','2021-07-21 11:56:55','2021-07-21 11:56:55'),(178,'1628961','Kostas Antetokounmpo','2021-07-21 11:56:55','2021-07-21 11:56:55'),(179,'1629659','Talen Horton-Tucker','2021-07-21 11:56:55','2021-07-21 11:56:55'),(180,'1629719','Devontae Cacok','2021-07-21 11:56:55','2021-07-21 11:56:55'),(181,'201162','Jared Dudley','2021-07-21 11:56:55','2021-07-21 11:56:55'),(182,'201188','Marc Gasol','2021-07-21 11:56:55','2021-07-21 11:56:55'),(183,'202083','Wesley Matthews','2021-07-21 11:56:55','2021-07-21 11:56:55'),(184,'202693','Markieff Morris','2021-07-21 11:56:55','2021-07-21 11:56:55'),(185,'203076','Anthony Davis','2021-07-21 11:56:55','2021-07-21 11:56:55'),(186,'203083','Andre Drummond','2021-07-21 11:56:55','2021-07-21 11:56:55'),(187,'203463','Ben McLemore','2021-07-21 11:56:55','2021-07-21 11:56:55'),(188,'203471','Dennis Schroder','2021-07-21 11:56:55','2021-07-21 11:56:55'),(189,'203484','Kentavious Caldwell-Pope','2021-07-21 11:56:55','2021-07-21 11:56:55'),(190,'2544','LeBron James','2021-07-21 11:56:55','2021-07-21 11:56:55'),(191,'1628389','Bam Adebayo','2021-07-21 11:56:56','2021-07-21 11:56:56'),(192,'1629130','Duncan Robinson','2021-07-21 11:56:56','2021-07-21 11:56:56'),(193,'1629134','Kendrick Nunn','2021-07-21 11:56:56','2021-07-21 11:56:56'),(194,'1629216','Gabe Vincent','2021-07-21 11:56:56','2021-07-21 11:56:56'),(195,'1629622','Max Strus','2021-07-21 11:56:56','2021-07-21 11:56:56'),(196,'1629639','Tyler Herro','2021-07-21 11:56:56','2021-07-21 11:56:56'),(197,'1629644','KZ Okpala','2021-07-21 11:56:56','2021-07-21 11:56:56'),(198,'1630173','Precious Achiuwa','2021-07-21 11:56:56','2021-07-21 11:56:56'),(199,'1630209','Omer Yurtseven','2021-07-21 11:56:56','2021-07-21 11:56:56'),(200,'201609','Goran Dragic','2021-07-21 11:56:56','2021-07-21 11:56:56'),(201,'202357','Nemanja Bjelica','2021-07-21 11:56:56','2021-07-21 11:56:56'),(202,'202710','Jimmy Butler','2021-07-21 11:56:56','2021-07-21 11:56:56'),(203,'203473','Dewayne Dedmon','2021-07-21 11:56:56','2021-07-21 11:56:56'),(204,'203506','Victor Oladipo','2021-07-21 11:56:56','2021-07-21 11:56:56'),(205,'2617','Udonis Haslem','2021-07-21 11:56:56','2021-07-21 11:56:56'),(206,'2738','Andre Iguodala','2021-07-21 11:56:56','2021-07-21 11:56:56'),(207,'2772','Trevor Ariza','2021-07-21 11:56:56','2021-07-21 11:56:56'),(208,'1626171','Bobby Portis','2021-07-21 11:56:57','2021-07-21 11:56:57'),(209,'1626192','Pat Connaughton','2021-07-21 11:56:57','2021-07-21 11:56:57'),(210,'1626253','Axel Toupane','2021-07-21 11:56:57','2021-07-21 11:56:57'),(211,'1627854','Bryn Forbes','2021-07-21 11:56:57','2021-07-21 11:56:57'),(212,'1628382','Justin Jackson','2021-07-21 11:56:57','2021-07-21 11:56:57'),(213,'1628978','Donte DiVincenzo','2021-07-21 11:56:57','2021-07-21 11:56:57'),(214,'1629091','Elijah Bryant','2021-07-21 11:56:57','2021-07-21 11:56:57'),(215,'1629603','Mamadi Diakite','2021-07-21 11:56:57','2021-07-21 11:56:57'),(216,'1629670','Jordan Nwora','2021-07-21 11:56:57','2021-07-21 11:56:57'),(217,'1630241','Sam Merrill','2021-07-21 11:56:57','2021-07-21 11:56:57'),(218,'200782','P.J. Tucker','2021-07-21 11:56:57','2021-07-21 11:56:57'),(219,'201572','Brook Lopez','2021-07-21 11:56:57','2021-07-21 11:56:57'),(220,'201950','Jrue Holiday','2021-07-21 11:56:57','2021-07-21 11:56:57'),(221,'201952','Jeff Teague','2021-07-21 11:56:57','2021-07-21 11:56:57'),(222,'203114','Khris Middleton','2021-07-21 11:56:57','2021-07-21 11:56:57'),(223,'203507','Giannis Antetokounmpo','2021-07-21 11:56:57','2021-07-21 11:56:57'),(224,'203648','Thanasis Antetokounmpo','2021-07-21 11:56:57','2021-07-21 11:56:57'),(225,'1626156','D\'Angelo Russell','2021-07-21 11:56:58','2021-07-21 11:56:58'),(226,'1626157','Karl-Anthony Towns','2021-07-21 11:56:58','2021-07-21 11:56:58'),(227,'1627736','Malik Beasley','2021-07-21 11:56:58','2021-07-21 11:56:58'),(228,'1627774','Jake Layman','2021-07-21 11:56:58','2021-07-21 11:56:58'),(229,'1627823','Juancho Hernangomez','2021-07-21 11:56:58','2021-07-21 11:56:58'),(230,'1629006','Josh Okogie','2021-07-21 11:56:58','2021-07-21 11:56:58'),(231,'1629020','Jarred Vanderbilt','2021-07-21 11:56:58','2021-07-21 11:56:58'),(232,'1629162','Jordan McLaughlin','2021-07-21 11:56:58','2021-07-21 11:56:58'),(233,'1629633','Jarrett Culver','2021-07-21 11:56:58','2021-07-21 11:56:58'),(234,'1629669','Jaylen Nowell','2021-07-21 11:56:58','2021-07-21 11:56:58'),(235,'1629675','Naz Reid','2021-07-21 11:56:58','2021-07-21 11:56:58'),(236,'1630162','Anthony Edwards','2021-07-21 11:56:58','2021-07-21 11:56:58'),(237,'1630183','Jaden McDaniels','2021-07-21 11:56:58','2021-07-21 11:56:58'),(238,'201937','Ricky Rubio','2021-07-21 11:56:58','2021-07-21 11:56:58'),(239,'202334','Ed Davis','2021-07-21 11:56:58','2021-07-21 11:56:58'),(240,'1627789','Timothe Luwawu-Cabarrot','2021-07-21 11:56:59','2021-07-21 11:56:59'),(241,'1628455','Mike James','2021-07-21 11:56:59','2021-07-21 11:56:59'),(242,'1628971','Bruce Brown','2021-07-21 11:56:59','2021-07-21 11:56:59'),(243,'1628993','Alize Johnson','2021-07-21 11:56:59','2021-07-21 11:56:59'),(244,'1629013','Landry Shamet','2021-07-21 11:56:59','2021-07-21 11:56:59'),(245,'1629185','Chris Chiozza','2021-07-21 11:56:59','2021-07-21 11:56:59'),(246,'1629617','Reggie Perry','2021-07-21 11:56:59','2021-07-21 11:56:59'),(247,'1629651','Nicolas Claxton','2021-07-21 11:56:59','2021-07-21 11:56:59'),(248,'201142','Kevin Durant','2021-07-21 11:56:59','2021-07-21 11:56:59'),(249,'201145','Jeff Green','2021-07-21 11:56:59','2021-07-21 11:56:59'),(250,'201599','DeAndre Jordan','2021-07-21 11:56:59','2021-07-21 11:56:59'),(251,'201933','Blake Griffin','2021-07-21 11:56:59','2021-07-21 11:56:59'),(252,'201935','James Harden','2021-07-21 11:56:59','2021-07-21 11:56:59'),(253,'202681','Kyrie Irving','2021-07-21 11:56:59','2021-07-21 11:56:59'),(254,'203915','Spencer Dinwiddie','2021-07-21 11:56:59','2021-07-21 11:56:59'),(255,'203925','Joe Harris','2021-07-21 11:56:59','2021-07-21 11:56:59'),(256,'204020','Tyler Johnson','2021-07-21 11:56:59','2021-07-21 11:56:59'),(257,'1628373','Frank Ntilikina','2021-07-21 11:57:00','2021-07-21 11:57:00'),(258,'1628995','Kevin Knox II','2021-07-21 11:57:00','2021-07-21 11:57:00'),(259,'1629011','Mitchell Robinson','2021-07-21 11:57:00','2021-07-21 11:57:00'),(260,'1629033','Theo Pinson','2021-07-21 11:57:00','2021-07-21 11:57:00'),(261,'1629607','Jared Harper','2021-07-21 11:57:00','2021-07-21 11:57:00'),(262,'1629628','RJ Barrett','2021-07-21 11:57:00','2021-07-21 11:57:00'),(263,'1630167','Obi Toppin','2021-07-21 11:57:00','2021-07-21 11:57:00'),(264,'1630193','Immanuel Quickley','2021-07-21 11:57:00','2021-07-21 11:57:00'),(265,'1630492','Luca Vildoza','2021-07-21 11:57:00','2021-07-21 11:57:00'),(266,'201565','Derrick Rose','2021-07-21 11:57:00','2021-07-21 11:57:00'),(267,'201959','Taj Gibson','2021-07-21 11:57:00','2021-07-21 11:57:00'),(268,'202692','Alec Burks','2021-07-21 11:57:00','2021-07-21 11:57:00'),(269,'203457','Nerlens Noel','2021-07-21 11:57:00','2021-07-21 11:57:00'),(270,'203493','Reggie Bullock','2021-07-21 11:57:00','2021-07-21 11:57:00'),(271,'203658','Norvel Pelle','2021-07-21 11:57:00','2021-07-21 11:57:00'),(272,'203901','Elfrid Payton','2021-07-21 11:57:00','2021-07-21 11:57:00'),(273,'203944','Julius Randle','2021-07-21 11:57:00','2021-07-21 11:57:00'),(274,'1626184','Chasson Randle','2021-07-21 11:57:02','2021-07-21 11:57:02'),(275,'1628365','Markelle Fultz','2021-07-21 11:57:02','2021-07-21 11:57:02'),(276,'1628371','Jonathan Isaac','2021-07-21 11:57:02','2021-07-21 11:57:02'),(277,'1628407','Dwayne Bacon','2021-07-21 11:57:02','2021-07-21 11:57:02'),(278,'1628414','Sindarius Thornwell','2021-07-21 11:57:02','2021-07-21 11:57:02'),(279,'1628964','Mo Bamba','2021-07-21 11:57:02','2021-07-21 11:57:02'),(280,'1628976','Wendell Carter Jr.','2021-07-21 11:57:02','2021-07-21 11:57:02'),(281,'1629021','Moritz Wagner','2021-07-21 11:57:02','2021-07-21 11:57:02'),(282,'1629643','Chuma Okeke','2021-07-21 11:57:02','2021-07-21 11:57:02'),(283,'1629649','Ignas Brazdeikis','2021-07-21 11:57:02','2021-07-21 11:57:02'),(284,'1630175','Cole Anthony','2021-07-21 11:57:02','2021-07-21 11:57:02'),(285,'1630181','R.J. Hampton','2021-07-21 11:57:02','2021-07-21 11:57:02'),(286,'203082','Terrence Ross','2021-07-21 11:57:02','2021-07-21 11:57:02'),(287,'203487','Michael Carter-Williams','2021-07-21 11:57:02','2021-07-21 11:57:02'),(288,'203490','Otto Porter Jr.','2021-07-21 11:57:02','2021-07-21 11:57:02'),(289,'203516','James Ennis III','2021-07-21 11:57:02','2021-07-21 11:57:02'),(290,'203914','Gary Harris','2021-07-21 11:57:02','2021-07-21 11:57:02'),(291,'1626167','Myles Turner','2021-07-21 11:57:03','2021-07-21 11:57:03'),(292,'1627734','Domantas Sabonis','2021-07-21 11:57:03','2021-07-21 11:57:03'),(293,'1627747','Caris LeVert','2021-07-21 11:57:03','2021-07-21 11:57:03'),(294,'1627763','Malcolm Brogdon','2021-07-21 11:57:03','2021-07-21 11:57:03'),(295,'1628410','Edmond Sumner','2021-07-21 11:57:03','2021-07-21 11:57:03'),(296,'1628578','Amida Brimah','2021-07-21 11:57:03','2021-07-21 11:57:03'),(297,'1628988','Aaron Holiday','2021-07-21 11:57:03','2021-07-21 11:57:03'),(298,'1629048','Goga Bitadze','2021-07-21 11:57:03','2021-07-21 11:57:03'),(299,'1629052','Oshae Brissett','2021-07-21 11:57:03','2021-07-21 11:57:03'),(300,'1629103','Kelan Martin','2021-07-21 11:57:03','2021-07-21 11:57:03'),(301,'1630199','Cassius Stanley','2021-07-21 11:57:03','2021-07-21 11:57:03'),(302,'203087','Jeremy Lamb','2021-07-21 11:57:03','2021-07-21 11:57:03'),(303,'203200','Justin Holiday','2021-07-21 11:57:03','2021-07-21 11:57:03'),(304,'203926','Doug McDermott','2021-07-21 11:57:03','2021-07-21 11:57:03'),(305,'203933','T.J. Warren','2021-07-21 11:57:03','2021-07-21 11:57:03'),(306,'203960','JaKarr Sampson','2021-07-21 11:57:03','2021-07-21 11:57:03'),(307,'204456','T.J. McConnell','2021-07-21 11:57:03','2021-07-21 11:57:03'),(308,'1627732','Ben Simmons','2021-07-21 11:57:04','2021-07-21 11:57:04'),(309,'1627788','Furkan Korkmaz','2021-07-21 11:57:04','2021-07-21 11:57:04'),(310,'1629003','Shake Milton','2021-07-21 11:57:04','2021-07-21 11:57:04'),(311,'1629109','Gary Clark','2021-07-21 11:57:04','2021-07-21 11:57:04'),(312,'1629680','Matisse Thybulle','2021-07-21 11:57:04','2021-07-21 11:57:04'),(313,'1629730','Rayjon Tucker','2021-07-21 11:57:04','2021-07-21 11:57:04'),(314,'1630178','Tyrese Maxey','2021-07-21 11:57:04','2021-07-21 11:57:04'),(315,'1630194','Paul Reed','2021-07-21 11:57:04','2021-07-21 11:57:04'),(316,'1630198','Isaiah Joe','2021-07-21 11:57:04','2021-07-21 11:57:04'),(317,'201229','Anthony Tolliver','2021-07-21 11:57:04','2021-07-21 11:57:04'),(318,'201588','George Hill','2021-07-21 11:57:04','2021-07-21 11:57:04'),(319,'201980','Danny Green','2021-07-21 11:57:04','2021-07-21 11:57:04'),(320,'202699','Tobias Harris','2021-07-21 11:57:04','2021-07-21 11:57:04'),(321,'203118','Mike Scott','2021-07-21 11:57:04','2021-07-21 11:57:04'),(322,'203552','Seth Curry','2021-07-21 11:57:04','2021-07-21 11:57:04'),(323,'203954','Joel Embiid','2021-07-21 11:57:04','2021-07-21 11:57:04'),(324,'2730','Dwight Howard','2021-07-21 11:57:04','2021-07-21 11:57:04'),(325,'101108','Chris Paul','2021-07-21 11:57:05','2021-07-21 11:57:05'),(326,'1626163','Frank Kaminsky','2021-07-21 11:57:05','2021-07-21 11:57:05'),(327,'1626164','Devin Booker','2021-07-21 11:57:05','2021-07-21 11:57:05'),(328,'1626166','Cameron Payne','2021-07-21 11:57:05','2021-07-21 11:57:05'),(329,'1627846','Abdel Nader','2021-07-21 11:57:05','2021-07-21 11:57:05'),(330,'1628470','Torrey Craig','2021-07-21 11:57:05','2021-07-21 11:57:05'),(331,'1628969','Mikal Bridges','2021-07-21 11:57:05','2021-07-21 11:57:05'),(332,'1628975','Jevon Carter','2021-07-21 11:57:05','2021-07-21 11:57:05'),(333,'1629028','Deandre Ayton','2021-07-21 11:57:05','2021-07-21 11:57:05'),(334,'1629661','Cameron Johnson','2021-07-21 11:57:05','2021-07-21 11:57:05'),(335,'1630188','Jalen Smith','2021-07-21 11:57:05','2021-07-21 11:57:05'),(336,'1630234','Ty-Shon Alexander','2021-07-21 11:57:05','2021-07-21 11:57:05'),(337,'202734','E\'Twaun Moore','2021-07-21 11:57:05','2021-07-21 11:57:05'),(338,'203109','Jae Crowder','2021-07-21 11:57:05','2021-07-21 11:57:05'),(339,'203967','Dario Saric','2021-07-21 11:57:05','2021-07-21 11:57:05'),(340,'204038','Langston Galloway','2021-07-21 11:57:05','2021-07-21 11:57:05'),(341,'1626178','Rondae Hollis-Jefferson','2021-07-21 11:57:06','2021-07-21 11:57:06'),(342,'1626181','Norman Powell','2021-07-21 11:57:06','2021-07-21 11:57:06'),(343,'1627884','Derrick Jones Jr.','2021-07-21 11:57:06','2021-07-21 11:57:06'),(344,'1628380','Zach Collins','2021-07-21 11:57:06','2021-07-21 11:57:06'),(345,'1628385','Harry Giles III','2021-07-21 11:57:06','2021-07-21 11:57:06'),(346,'1628388','T.J. Leaf','2021-07-21 11:57:06','2021-07-21 11:57:06'),(347,'1629014','Anfernee Simons','2021-07-21 11:57:06','2021-07-21 11:57:06'),(348,'1629604','CJ Elleby','2021-07-21 11:57:06','2021-07-21 11:57:06'),(349,'1629642','Nassir Little','2021-07-21 11:57:06','2021-07-21 11:57:06'),(350,'1629833','Keljin Blevins','2021-07-21 11:57:06','2021-07-21 11:57:06'),(351,'202683','Enes Kanter','2021-07-21 11:57:06','2021-07-21 11:57:06'),(352,'203081','Damian Lillard','2021-07-21 11:57:06','2021-07-21 11:57:06'),(353,'203468','CJ McCollum','2021-07-21 11:57:06','2021-07-21 11:57:06'),(354,'203496','Robert Covington','2021-07-21 11:57:06','2021-07-21 11:57:06'),(355,'203994','Jusuf Nurkic','2021-07-21 11:57:06','2021-07-21 11:57:06'),(356,'2546','Carmelo Anthony','2021-07-21 11:57:06','2021-07-21 11:57:06'),(357,'1626153','Delon Wright','2021-07-21 11:57:07','2021-07-21 11:57:07'),(358,'1626158','Richaun Holmes','2021-07-21 11:57:07','2021-07-21 11:57:07'),(359,'1627741','Buddy Hield','2021-07-21 11:57:07','2021-07-21 11:57:07'),(360,'1627745','Damian Jones','2021-07-21 11:57:07','2021-07-21 11:57:07'),(361,'1628368','De\'Aaron Fox','2021-07-21 11:57:07','2021-07-21 11:57:07'),(362,'1628963','Marvin Bagley III','2021-07-21 11:57:07','2021-07-21 11:57:07'),(363,'1629002','Chimezie Metu','2021-07-21 11:57:07','2021-07-21 11:57:07'),(364,'1629056','Terence Davis','2021-07-21 11:57:07','2021-07-21 11:57:07'),(365,'1629657','Kyle Guy','2021-07-21 11:57:07','2021-07-21 11:57:07'),(366,'1629663','Louis King','2021-07-21 11:57:07','2021-07-21 11:57:07'),(367,'1629713','Justin James','2021-07-21 11:57:07','2021-07-21 11:57:07'),(368,'1630169','Tyrese Haliburton','2021-07-21 11:57:07','2021-07-21 11:57:07'),(369,'1630186','Jahmi\'us Ramsey','2021-07-21 11:57:07','2021-07-21 11:57:07'),(370,'1630218','Robert Woodard II','2021-07-21 11:57:07','2021-07-21 11:57:07'),(371,'202355','Hassan Whiteside','2021-07-21 11:57:07','2021-07-21 11:57:07'),(372,'203084','Harrison Barnes','2021-07-21 11:57:07','2021-07-21 11:57:07'),(373,'203090','Maurice Harkless','2021-07-21 11:57:07','2021-07-21 11:57:07'),(374,'1626168','Trey Lyles','2021-07-21 11:57:08','2021-07-21 11:57:08'),(375,'1627749','Dejounte Murray','2021-07-21 11:57:08','2021-07-21 11:57:08'),(376,'1627751','Jakob Poeltl','2021-07-21 11:57:08','2021-07-21 11:57:08'),(377,'1628401','Derrick White','2021-07-21 11:57:08','2021-07-21 11:57:08'),(378,'1628966','Keita Bates-Diop','2021-07-21 11:57:08','2021-07-21 11:57:08'),(379,'1629022','Lonnie Walker IV','2021-07-21 11:57:08','2021-07-21 11:57:08'),(380,'1629234','Drew Eubanks','2021-07-21 11:57:08','2021-07-21 11:57:08'),(381,'1629610','DaQuan Jeffries','2021-07-21 11:57:08','2021-07-21 11:57:08'),(382,'1629640','Keldon Johnson','2021-07-21 11:57:08','2021-07-21 11:57:08'),(383,'1629677','Luka Samanic','2021-07-21 11:57:08','2021-07-21 11:57:08'),(384,'1629683','Quinndary Weatherspoon','2021-07-21 11:57:08','2021-07-21 11:57:08'),(385,'1630170','Devin Vassell','2021-07-21 11:57:08','2021-07-21 11:57:08'),(386,'1630200','Tre Jones','2021-07-21 11:57:08','2021-07-21 11:57:08'),(387,'200752','Rudy Gay','2021-07-21 11:57:08','2021-07-21 11:57:08'),(388,'201942','DeMar DeRozan','2021-07-21 11:57:08','2021-07-21 11:57:08'),(389,'201988','Patty Mills','2021-07-21 11:57:08','2021-07-21 11:57:08'),(390,'203476','Gorgui Dieng','2021-07-21 11:57:08','2021-07-21 11:57:08'),(391,'1628396','Tony Bradley','2021-07-21 11:57:09','2021-07-21 11:57:09'),(392,'1628983','Shai Gilgeous-Alexander','2021-07-21 11:57:09','2021-07-21 11:57:09'),(393,'1629004','Svi Mykhailiuk','2021-07-21 11:57:09','2021-07-21 11:57:09'),(394,'1629026','Kenrich Williams','2021-07-21 11:57:09','2021-07-21 11:57:09'),(395,'1629647','Darius Bazley','2021-07-21 11:57:09','2021-07-21 11:57:09'),(396,'1629652','Luguentz Dort','2021-07-21 11:57:09','2021-07-21 11:57:09'),(397,'1629658','Jaylen Hoard','2021-07-21 11:57:09','2021-07-21 11:57:09'),(398,'1629660','Ty Jerome','2021-07-21 11:57:09','2021-07-21 11:57:09'),(399,'1629676','Isaiah Roby','2021-07-21 11:57:09','2021-07-21 11:57:09'),(400,'1629718','Charlie Brown Jr.','2021-07-21 11:57:09','2021-07-21 11:57:09'),(401,'1630177','Theo Maledon','2021-07-21 11:57:09','2021-07-21 11:57:09'),(402,'1630197','Aleksej Pokusevski','2021-07-21 11:57:09','2021-07-21 11:57:09'),(403,'1630221','Josh Hall','2021-07-21 11:57:09','2021-07-21 11:57:09'),(404,'1630466','Gabriel Deck','2021-07-21 11:57:09','2021-07-21 11:57:09'),(405,'202689','Kemba Walker','2021-07-21 11:57:09','2021-07-21 11:57:09'),(406,'203488','Mike Muscala','2021-07-21 11:57:09','2021-07-21 11:57:09'),(407,'1626169','Stanley Johnson','2021-07-21 11:57:10','2021-07-21 11:57:10'),(408,'1627761','DeAndre\' Bembry','2021-07-21 11:57:10','2021-07-21 11:57:10'),(409,'1627783','Pascal Siakam','2021-07-21 11:57:10','2021-07-21 11:57:10'),(410,'1627832','Fred VanVleet','2021-07-21 11:57:10','2021-07-21 11:57:10'),(411,'1628384','OG Anunoby','2021-07-21 11:57:10','2021-07-21 11:57:10'),(412,'1628449','Chris Boucher','2021-07-21 11:57:10','2021-07-21 11:57:10'),(413,'1628778','Paul Watson','2021-07-21 11:57:10','2021-07-21 11:57:10'),(414,'1629018','Gary Trent Jr.','2021-07-21 11:57:10','2021-07-21 11:57:10'),(415,'1629139','Yuta Watanabe','2021-07-21 11:57:10','2021-07-21 11:57:10'),(416,'1630201','Malachi Flynn','2021-07-21 11:57:10','2021-07-21 11:57:10'),(417,'1630273','Freddie Gillespie','2021-07-21 11:57:10','2021-07-21 11:57:10'),(418,'200768','Kyle Lowry','2021-07-21 11:57:10','2021-07-21 11:57:10'),(419,'203382','Aron Baynes','2021-07-21 11:57:10','2021-07-21 11:57:10'),(420,'203918','Rodney Hood','2021-07-21 11:57:10','2021-07-21 11:57:10'),(421,'203920','Khem Birch','2021-07-21 11:57:10','2021-07-21 11:57:10'),(422,'101141','Ersan Ilyasova','2021-07-21 11:57:11','2021-07-21 11:57:11'),(423,'1626220','Royce O\'Neale','2021-07-21 11:57:11','2021-07-21 11:57:11'),(424,'1627777','Georges Niang','2021-07-21 11:57:11','2021-07-21 11:57:11'),(425,'1628378','Donovan Mitchell','2021-07-21 11:57:11','2021-07-21 11:57:11'),(426,'1628962','Udoka Azubuike','2021-07-21 11:57:11','2021-07-21 11:57:11'),(427,'1629671','Miye Oni','2021-07-21 11:57:11','2021-07-21 11:57:11'),(428,'1629714','Jarrell Brantley','2021-07-21 11:57:11','2021-07-21 11:57:11'),(429,'1629744','Matt Thomas','2021-07-21 11:57:11','2021-07-21 11:57:11'),(430,'1629752','Juwan Morgan','2021-07-21 11:57:11','2021-07-21 11:57:11'),(431,'1630190','Elijah Hughes','2021-07-21 11:57:11','2021-07-21 11:57:11'),(432,'1630235','Trent Forrest','2021-07-21 11:57:11','2021-07-21 11:57:11'),(433,'201144','Mike Conley','2021-07-21 11:57:11','2021-07-21 11:57:11'),(434,'202324','Derrick Favors','2021-07-21 11:57:11','2021-07-21 11:57:11'),(435,'202711','Bojan Bogdanovic','2021-07-21 11:57:11','2021-07-21 11:57:11'),(436,'203497','Rudy Gobert','2021-07-21 11:57:11','2021-07-21 11:57:11'),(437,'203903','Jordan Clarkson','2021-07-21 11:57:11','2021-07-21 11:57:11'),(438,'204060','Joe Ingles','2021-07-21 11:57:11','2021-07-21 11:57:11'),(439,'1626145','Tyus Jones','2021-07-21 11:57:12','2021-07-21 11:57:12'),(440,'1626159','Justise Winslow','2021-07-21 11:57:12','2021-07-21 11:57:12'),(441,'1628415','Dillon Brooks','2021-07-21 11:57:12','2021-07-21 11:57:12'),(442,'1628960','Grayson Allen','2021-07-21 11:57:12','2021-07-21 11:57:12'),(443,'1628991','Jaren Jackson Jr.','2021-07-21 11:57:12','2021-07-21 11:57:12'),(444,'1629001','De\'Anthony Melton','2021-07-21 11:57:12','2021-07-21 11:57:12'),(445,'1629007','Jontay Porter','2021-07-21 11:57:12','2021-07-21 11:57:12'),(446,'1629630','Ja Morant','2021-07-21 11:57:12','2021-07-21 11:57:12'),(447,'1629634','Brandon Clarke','2021-07-21 11:57:12','2021-07-21 11:57:12'),(448,'1629681','Killian Tillie','2021-07-21 11:57:12','2021-07-21 11:57:12'),(449,'1629723','John Konchar','2021-07-21 11:57:12','2021-07-21 11:57:12'),(450,'1630214','Xavier Tillman','2021-07-21 11:57:12','2021-07-21 11:57:12'),(451,'1630217','Desmond Bane','2021-07-21 11:57:12','2021-07-21 11:57:12'),(452,'1630253','Sean McDermott','2021-07-21 11:57:12','2021-07-21 11:57:12'),(453,'202685','Jonas Valanciunas','2021-07-21 11:57:12','2021-07-21 11:57:12'),(454,'203937','Kyle Anderson','2021-07-21 11:57:12','2021-07-21 11:57:12'),(455,'204025','Tim Frazier','2021-07-21 11:57:12','2021-07-21 11:57:12'),(456,'1628418','Thomas Bryant','2021-07-21 11:57:14','2021-07-21 11:57:14'),(457,'1628990','Chandler Hutchison','2021-07-21 11:57:14','2021-07-21 11:57:14'),(458,'1629060','Rui Hachimura','2021-07-21 11:57:14','2021-07-21 11:57:14'),(459,'1629067','Isaac Bonga','2021-07-21 11:57:14','2021-07-21 11:57:14'),(460,'1629655','Daniel Gafford','2021-07-21 11:57:14','2021-07-21 11:57:14'),(461,'1629726','Garrison Mathews','2021-07-21 11:57:14','2021-07-21 11:57:14'),(462,'1630166','Deni Avdija','2021-07-21 11:57:14','2021-07-21 11:57:14'),(463,'1630216','Cassius Winston','2021-07-21 11:57:14','2021-07-21 11:57:14'),(464,'1630258','Caleb Homesley','2021-07-21 11:57:14','2021-07-21 11:57:14'),(465,'1630264','Anthony Gill','2021-07-21 11:57:14','2021-07-21 11:57:14'),(466,'201566','Russell Westbrook','2021-07-21 11:57:14','2021-07-21 11:57:14'),(467,'201577','Robin Lopez','2021-07-21 11:57:14','2021-07-21 11:57:14'),(468,'202397','Ish Smith','2021-07-21 11:57:14','2021-07-21 11:57:14'),(469,'202722','Davis Bertans','2021-07-21 11:57:14','2021-07-21 11:57:14'),(470,'203078','Bradley Beal','2021-07-21 11:57:14','2021-07-21 11:57:14'),(471,'203458','Alex Len','2021-07-21 11:57:14','2021-07-21 11:57:14'),(472,'203526','Raul Neto','2021-07-21 11:57:14','2021-07-21 11:57:14'),(473,'1626143','Jahlil Okafor','2021-07-21 11:57:15','2021-07-21 11:57:15'),(474,'1628367','Josh Jackson','2021-07-21 11:57:15','2021-07-21 11:57:15'),(475,'1628372','Dennis Smith Jr.','2021-07-21 11:57:15','2021-07-21 11:57:15'),(476,'1628402','Frank Jackson','2021-07-21 11:57:15','2021-07-21 11:57:15'),(477,'1628977','Hamidou Diallo','2021-07-21 11:57:15','2021-07-21 11:57:15'),(478,'1629076','Tyler Cook','2021-07-21 11:57:15','2021-07-21 11:57:15'),(479,'1629635','Sekou Doumbouya','2021-07-21 11:57:15','2021-07-21 11:57:15'),(480,'1629686','Deividas Sirvydis','2021-07-21 11:57:15','2021-07-21 11:57:15'),(481,'1630165','Killian Hayes','2021-07-21 11:57:15','2021-07-21 11:57:15'),(482,'1630180','Saddiq Bey','2021-07-21 11:57:15','2021-07-21 11:57:15'),(483,'1630191','Isaiah Stewart','2021-07-21 11:57:15','2021-07-21 11:57:15'),(484,'1630240','Saben Lee','2021-07-21 11:57:15','2021-07-21 11:57:15'),(485,'201961','Wayne Ellington','2021-07-21 11:57:15','2021-07-21 11:57:15'),(486,'202709','Cory Joseph','2021-07-21 11:57:15','2021-07-21 11:57:15'),(487,'203486','Mason Plumlee','2021-07-21 11:57:15','2021-07-21 11:57:15'),(488,'203585','Rodney McGruder','2021-07-21 11:57:15','2021-07-21 11:57:15'),(489,'203924','Jerami Grant','2021-07-21 11:57:15','2021-07-21 11:57:15'),(490,'1626179','Terry Rozier','2021-07-21 11:57:16','2021-07-21 11:57:16'),(491,'1628370','Malik Monk','2021-07-21 11:57:16','2021-07-21 11:57:16'),(492,'1628970','Miles Bridges','2021-07-21 11:57:16','2021-07-21 11:57:16'),(493,'1628984','Devonte\' Graham','2021-07-21 11:57:16','2021-07-21 11:57:16'),(494,'1628997','Caleb Martin','2021-07-21 11:57:16','2021-07-21 11:57:16'),(495,'1628998','Cody Martin','2021-07-21 11:57:16','2021-07-21 11:57:16'),(496,'1629023','P.J. Washington','2021-07-21 11:57:16','2021-07-21 11:57:16'),(497,'1629667','Jalen McDaniels','2021-07-21 11:57:16','2021-07-21 11:57:16'),(498,'1630163','LaMelo Ball','2021-07-21 11:57:16','2021-07-21 11:57:16'),(499,'1630176','Vernon Carey Jr.','2021-07-21 11:57:16','2021-07-21 11:57:16'),(500,'1630203','Grant Riller','2021-07-21 11:57:16','2021-07-21 11:57:16'),(501,'1630208','Nick Richards','2021-07-21 11:57:16','2021-07-21 11:57:16'),(502,'1630268','Nate Darling','2021-07-21 11:57:16','2021-07-21 11:57:16'),(503,'202330','Gordon Hayward','2021-07-21 11:57:16','2021-07-21 11:57:16'),(504,'202687','Bismack Biyombo','2021-07-21 11:57:16','2021-07-21 11:57:16'),(505,'202954','Brad Wanamaker','2021-07-21 11:57:16','2021-07-21 11:57:16'),(506,'203469','Cody Zeller','2021-07-21 11:57:16','2021-07-21 11:57:16');
/*!40000 ALTER TABLE `player` ENABLE KEYS */;
UNLOCK TABLES;

--
-- Table structure for table `roster`
--

/*!40101 SET @saved_cs_client     = @@character_set_client */;
/*!40101 SET character_set_client = utf8 */;
CREATE TABLE `roster` (
  `id` bigint(20) NOT NULL AUTO_INCREMENT,
  `external_id` varchar(128) DEFAULT NULL,
  `player_id` bigint(20) NOT NULL,
  `team_id` bigint(20) NOT NULL,
  `active` tinyint(1) NOT NULL,
  `created_timestamp` datetime NOT NULL DEFAULT current_timestamp(),
  `modified_timestamp` datetime NOT NULL DEFAULT current_timestamp() ON UPDATE current_timestamp(),
  PRIMARY KEY (`id`),
  KEY `fk_roster_player` (`player_id`),
  KEY `fk_roster_team` (`team_id`),
  CONSTRAINT `fk_roster_player` FOREIGN KEY (`player_id`) REFERENCES `player` (`id`),
  CONSTRAINT `fk_roster_team` FOREIGN KEY (`team_id`) REFERENCES `team` (`id`)
) ENGINE=InnoDB AUTO_INCREMENT=507 DEFAULT CHARSET=utf8;
/*!40101 SET character_set_client = @saved_cs_client */;

--
-- Dumping data for table `roster`
--

LOCK TABLES `roster` WRITE;
/*!40000 ALTER TABLE `roster` DISABLE KEYS */;
INSERT INTO `roster` VALUES (1,NULL,1,1,1,'2021-07-21 11:56:18','2021-07-21 11:56:18'),(2,NULL,2,1,1,'2021-07-21 11:56:18','2021-07-21 11:56:18'),(3,NULL,3,2,1,'2021-07-21 11:56:18','2021-07-21 11:56:18'),(4,'1610612737-101150',4,3,1,'2021-07-21 11:56:44','2021-07-21 11:56:44'),(5,'1610612737-1627739',5,3,1,'2021-07-21 11:56:44','2021-07-21 11:56:44'),(6,'1610612737-1628381',6,3,1,'2021-07-21 11:56:44','2021-07-21 11:56:44'),(7,'1610612737-1628981',7,3,1,'2021-07-21 11:56:44','2021-07-21 11:56:44'),(8,'1610612737-1628989',8,3,1,'2021-07-21 11:56:44','2021-07-21 11:56:44'),(9,'1610612737-1629027',9,3,1,'2021-07-21 11:56:44','2021-07-21 11:56:44'),(10,'1610612737-1629164',10,3,1,'2021-07-21 11:56:44','2021-07-21 11:56:44'),(11,'1610612737-1629629',11,3,1,'2021-07-21 11:56:44','2021-07-21 11:56:44'),(12,'1610612737-1629631',12,3,1,'2021-07-21 11:56:44','2021-07-21 11:56:44'),(13,'1610612737-1630168',13,3,1,'2021-07-21 11:56:44','2021-07-21 11:56:44'),(14,'1610612737-1630219',14,3,1,'2021-07-21 11:56:44','2021-07-21 11:56:44'),(15,'1610612737-1630233',15,3,1,'2021-07-21 11:56:44','2021-07-21 11:56:44'),(16,'1610612737-201568',16,3,1,'2021-07-21 11:56:44','2021-07-21 11:56:44'),(17,'1610612737-203503',17,3,1,'2021-07-21 11:56:44','2021-07-21 11:56:44'),(18,'1610612737-203524',18,3,1,'2021-07-21 11:56:44','2021-07-21 11:56:44'),(19,'1610612737-203991',19,3,1,'2021-07-21 11:56:44','2021-07-21 11:56:44'),(20,'1610612737-203992',20,3,1,'2021-07-21 11:56:44','2021-07-21 11:56:44'),(21,'1610612738-1627759',21,4,1,'2021-07-21 11:56:45','2021-07-21 11:56:45'),(22,'1610612738-1628369',22,4,1,'2021-07-21 11:56:45','2021-07-21 11:56:45'),(23,'1610612738-1628400',23,4,1,'2021-07-21 11:56:45','2021-07-21 11:56:45'),(24,'1610612738-1628436',24,4,1,'2021-07-21 11:56:45','2021-07-21 11:56:45'),(25,'1610612738-1629035',25,4,1,'2021-07-21 11:56:45','2021-07-21 11:56:45'),(26,'1610612738-1629057',26,4,1,'2021-07-21 11:56:45','2021-07-21 11:56:45'),(27,'1610612738-1629605',27,4,1,'2021-07-21 11:56:45','2021-07-21 11:56:45'),(28,'1610612738-1629641',28,4,1,'2021-07-21 11:56:45','2021-07-21 11:56:45'),(29,'1610612738-1629650',29,4,1,'2021-07-21 11:56:45','2021-07-21 11:56:45'),(30,'1610612738-1629682',30,4,1,'2021-07-21 11:56:45','2021-07-21 11:56:45'),(31,'1610612738-1629684',31,4,1,'2021-07-21 11:56:45','2021-07-21 11:56:45'),(32,'1610612738-1630174',32,4,1,'2021-07-21 11:56:45','2021-07-21 11:56:45'),(33,'1610612738-1630202',33,4,1,'2021-07-21 11:56:45','2021-07-21 11:56:45'),(34,'1610612738-201143',34,4,1,'2021-07-21 11:56:45','2021-07-21 11:56:45'),(35,'1610612738-202684',35,4,1,'2021-07-21 11:56:45','2021-07-21 11:56:45'),(36,'1610612738-203095',36,4,1,'2021-07-21 11:56:45','2021-07-21 11:56:45'),(37,'1610612738-203935',37,4,1,'2021-07-21 11:56:45','2021-07-21 11:56:45'),(38,'1610612738-203953',38,4,1,'2021-07-21 11:56:45','2021-07-21 11:56:45'),(39,'1610612739-1626204',39,5,1,'2021-07-21 11:56:46','2021-07-21 11:56:46'),(40,'1610612739-1626224',40,5,1,'2021-07-21 11:56:46','2021-07-21 11:56:46'),(41,'1610612739-1627752',41,5,1,'2021-07-21 11:56:46','2021-07-21 11:56:46'),(42,'1610612739-1628386',42,5,1,'2021-07-21 11:56:46','2021-07-21 11:56:46'),(43,'1610612739-1628392',43,5,1,'2021-07-21 11:56:46','2021-07-21 11:56:46'),(44,'1610612739-1628422',44,5,1,'2021-07-21 11:56:46','2021-07-21 11:56:46'),(45,'1610612739-1629012',45,5,1,'2021-07-21 11:56:46','2021-07-21 11:56:46'),(46,'1610612739-1629636',46,5,1,'2021-07-21 11:56:46','2021-07-21 11:56:46'),(47,'1610612739-1629662',47,5,1,'2021-07-21 11:56:46','2021-07-21 11:56:46'),(48,'1610612739-1629685',48,5,1,'2021-07-21 11:56:46','2021-07-21 11:56:46'),(49,'1610612739-1629725',49,5,1,'2021-07-21 11:56:46','2021-07-21 11:56:46'),(50,'1610612739-1629731',50,5,1,'2021-07-21 11:56:46','2021-07-21 11:56:46'),(51,'1610612739-1630171',51,5,1,'2021-07-21 11:56:46','2021-07-21 11:56:46'),(52,'1610612739-1630205',52,5,1,'2021-07-21 11:56:46','2021-07-21 11:56:46'),(53,'1610612739-1630271',53,5,1,'2021-07-21 11:56:46','2021-07-21 11:56:46'),(54,'1610612739-201567',54,5,1,'2021-07-21 11:56:46','2021-07-21 11:56:46'),(55,'1610612739-203521',55,5,1,'2021-07-21 11:56:46','2021-07-21 11:56:46'),(56,'1610612740-1626195',56,6,1,'2021-07-21 11:56:47','2021-07-21 11:56:47'),(57,'1610612740-1627742',57,6,1,'2021-07-21 11:56:47','2021-07-21 11:56:47'),(58,'1610612740-1628366',58,6,1,'2021-07-21 11:56:47','2021-07-21 11:56:47'),(59,'1610612740-1628404',59,6,1,'2021-07-21 11:56:47','2021-07-21 11:56:47'),(60,'1610612740-1628411',60,6,1,'2021-07-21 11:56:47','2021-07-21 11:56:47'),(61,'1610612740-1629117',61,6,1,'2021-07-21 11:56:47','2021-07-21 11:56:47'),(62,'1610612740-1629627',62,6,1,'2021-07-21 11:56:47','2021-07-21 11:56:47'),(63,'1610612740-1629637',63,6,1,'2021-07-21 11:56:47','2021-07-21 11:56:47'),(64,'1610612740-1629638',64,6,1,'2021-07-21 11:56:47','2021-07-21 11:56:47'),(65,'1610612740-1629712',65,6,1,'2021-07-21 11:56:47','2021-07-21 11:56:47'),(66,'1610612740-1630184',66,6,1,'2021-07-21 11:56:47','2021-07-21 11:56:47'),(67,'1610612740-1630230',67,6,1,'2021-07-21 11:56:47','2021-07-21 11:56:47'),(68,'1610612740-201949',68,6,1,'2021-07-21 11:56:47','2021-07-21 11:56:47'),(69,'1610612740-202339',69,6,1,'2021-07-21 11:56:47','2021-07-21 11:56:47'),(70,'1610612740-203263',70,6,1,'2021-07-21 11:56:47','2021-07-21 11:56:47'),(71,'1610612740-203500',71,6,1,'2021-07-21 11:56:47','2021-07-21 11:56:47'),(72,'1610612741-1626245',72,7,1,'2021-07-21 11:56:48','2021-07-21 11:56:48'),(73,'1610612741-1627756',73,7,1,'2021-07-21 11:56:48','2021-07-21 11:56:48'),(74,'1610612741-1627853',74,7,1,'2021-07-21 11:56:48','2021-07-21 11:56:48'),(75,'1610612741-1628374',75,7,1,'2021-07-21 11:56:48','2021-07-21 11:56:48'),(76,'1610612741-1628464',76,7,1,'2021-07-21 11:56:48','2021-07-21 11:56:48'),(77,'1610612741-1628972',77,7,1,'2021-07-21 11:56:48','2021-07-21 11:56:48'),(78,'1610612741-1629632',78,7,1,'2021-07-21 11:56:48','2021-07-21 11:56:48'),(79,'1610612741-1629653',79,7,1,'2021-07-21 11:56:48','2021-07-21 11:56:48'),(80,'1610612741-1629690',80,7,1,'2021-07-21 11:56:48','2021-07-21 11:56:48'),(81,'1610612741-1629750',81,7,1,'2021-07-21 11:56:48','2021-07-21 11:56:48'),(82,'1610612741-1630172',82,7,1,'2021-07-21 11:56:48','2021-07-21 11:56:48'),(83,'1610612741-201152',83,7,1,'2021-07-21 11:56:48','2021-07-21 11:56:48'),(84,'1610612741-202066',84,7,1,'2021-07-21 11:56:48','2021-07-21 11:56:48'),(85,'1610612741-202329',85,7,1,'2021-07-21 11:56:48','2021-07-21 11:56:48'),(86,'1610612741-202696',86,7,1,'2021-07-21 11:56:48','2021-07-21 11:56:48'),(87,'1610612741-203107',87,7,1,'2021-07-21 11:56:48','2021-07-21 11:56:48'),(88,'1610612741-203897',88,7,1,'2021-07-21 11:56:48','2021-07-21 11:56:48'),(89,'1610612742-1626161',89,8,1,'2021-07-21 11:56:49','2021-07-21 11:56:49'),(90,'1610612742-1626196',90,8,1,'2021-07-21 11:56:49','2021-07-21 11:56:49'),(91,'1610612742-1626246',91,8,1,'2021-07-21 11:56:49','2021-07-21 11:56:49'),(92,'1610612742-1627827',92,8,1,'2021-07-21 11:56:49','2021-07-21 11:56:49'),(93,'1610612742-1628467',93,8,1,'2021-07-21 11:56:49','2021-07-21 11:56:49'),(94,'1610612742-1628973',94,8,1,'2021-07-21 11:56:49','2021-07-21 11:56:49'),(95,'1610612742-1629029',95,8,1,'2021-07-21 11:56:49','2021-07-21 11:56:49'),(96,'1610612742-1629740',96,8,1,'2021-07-21 11:56:49','2021-07-21 11:56:49'),(97,'1610612742-1630179',97,8,1,'2021-07-21 11:56:49','2021-07-21 11:56:49'),(98,'1610612742-1630182',98,8,1,'2021-07-21 11:56:49','2021-07-21 11:56:49'),(99,'1610612742-1630189',99,8,1,'2021-07-21 11:56:49','2021-07-21 11:56:49'),(100,'1610612742-1630207',100,8,1,'2021-07-21 11:56:49','2021-07-21 11:56:49'),(101,'1610612742-200755',101,8,1,'2021-07-21 11:56:49','2021-07-21 11:56:49'),(102,'1610612742-203501',102,8,1,'2021-07-21 11:56:49','2021-07-21 11:56:49'),(103,'1610612742-203504',103,8,1,'2021-07-21 11:56:49','2021-07-21 11:56:49'),(104,'1610612742-203939',104,8,1,'2021-07-21 11:56:49','2021-07-21 11:56:49'),(105,'1610612742-204001',105,8,1,'2021-07-21 11:56:49','2021-07-21 11:56:49'),(106,'1610612743-1627750',106,9,1,'2021-07-21 11:56:51','2021-07-21 11:56:51'),(107,'1610612743-1627885',107,9,1,'2021-07-21 11:56:51','2021-07-21 11:56:51'),(108,'1610612743-1628408',108,9,1,'2021-07-21 11:56:51','2021-07-21 11:56:51'),(109,'1610612743-1628420',109,9,1,'2021-07-21 11:56:51','2021-07-21 11:56:51'),(110,'1610612743-1628427',110,9,1,'2021-07-21 11:56:51','2021-07-21 11:56:51'),(111,'1610612743-1629008',111,9,1,'2021-07-21 11:56:51','2021-07-21 11:56:51'),(112,'1610612743-1629626',112,9,1,'2021-07-21 11:56:51','2021-07-21 11:56:51'),(113,'1610612743-1630192',113,9,1,'2021-07-21 11:56:51','2021-07-21 11:56:51'),(114,'1610612743-1630210',114,9,1,'2021-07-21 11:56:51','2021-07-21 11:56:51'),(115,'1610612743-1630267',115,9,1,'2021-07-21 11:56:51','2021-07-21 11:56:51'),(116,'1610612743-200794',116,9,1,'2021-07-21 11:56:51','2021-07-21 11:56:51'),(117,'1610612743-201580',117,9,1,'2021-07-21 11:56:51','2021-07-21 11:56:51'),(118,'1610612743-203085',118,9,1,'2021-07-21 11:56:51','2021-07-21 11:56:51'),(119,'1610612743-203115',119,9,1,'2021-07-21 11:56:51','2021-07-21 11:56:51'),(120,'1610612743-203210',120,9,1,'2021-07-21 11:56:51','2021-07-21 11:56:51'),(121,'1610612743-203932',121,9,1,'2021-07-21 11:56:51','2021-07-21 11:56:51'),(122,'1610612743-203999',122,9,1,'2021-07-21 11:56:51','2021-07-21 11:56:51'),(123,'1610612744-1626162',123,10,1,'2021-07-21 11:56:52','2021-07-21 11:56:52'),(124,'1610612744-1626172',124,10,1,'2021-07-21 11:56:52','2021-07-21 11:56:52'),(125,'1610612744-1627780',125,10,1,'2021-07-21 11:56:52','2021-07-21 11:56:52'),(126,'1610612744-1627814',126,10,1,'2021-07-21 11:56:52','2021-07-21 11:56:52'),(127,'1610612744-1628395',127,10,1,'2021-07-21 11:56:52','2021-07-21 11:56:52'),(128,'1610612744-1628539',128,10,1,'2021-07-21 11:56:52','2021-07-21 11:56:52'),(129,'1610612744-1629308',129,10,1,'2021-07-21 11:56:52','2021-07-21 11:56:52'),(130,'1610612744-1629346',130,10,1,'2021-07-21 11:56:52','2021-07-21 11:56:52'),(131,'1610612744-1629672',131,10,1,'2021-07-21 11:56:52','2021-07-21 11:56:52'),(132,'1610612744-1629673',132,10,1,'2021-07-21 11:56:52','2021-07-21 11:56:52'),(133,'1610612744-1630164',133,10,1,'2021-07-21 11:56:52','2021-07-21 11:56:52'),(134,'1610612744-1630185',134,10,1,'2021-07-21 11:56:52','2021-07-21 11:56:52'),(135,'1610612744-201939',135,10,1,'2021-07-21 11:56:52','2021-07-21 11:56:52'),(136,'1610612744-202691',136,10,1,'2021-07-21 11:56:52','2021-07-21 11:56:52'),(137,'1610612744-203110',137,10,1,'2021-07-21 11:56:52','2021-07-21 11:56:52'),(138,'1610612744-203145',138,10,1,'2021-07-21 11:56:52','2021-07-21 11:56:52'),(139,'1610612744-203952',139,10,1,'2021-07-21 11:56:52','2021-07-21 11:56:52'),(140,'1610612745-1626174',140,11,1,'2021-07-21 11:56:53','2021-07-21 11:56:53'),(141,'1610612745-1627863',141,11,1,'2021-07-21 11:56:53','2021-07-21 11:56:53'),(142,'1610612745-1628021',142,11,1,'2021-07-21 11:56:53','2021-07-21 11:56:53'),(143,'1610612745-1628391',143,11,1,'2021-07-21 11:56:53','2021-07-21 11:56:53'),(144,'1610612745-1628425',144,11,1,'2021-07-21 11:56:53','2021-07-21 11:56:53'),(145,'1610612745-1629017',145,11,1,'2021-07-21 11:56:53','2021-07-21 11:56:53'),(146,'1610612745-1629645',146,11,1,'2021-07-21 11:56:53','2021-07-21 11:56:53'),(147,'1610612745-1629717',147,11,1,'2021-07-21 11:56:53','2021-07-21 11:56:53'),(148,'1610612745-1630231',148,11,1,'2021-07-21 11:56:53','2021-07-21 11:56:53'),(149,'1610612745-1630237',149,11,1,'2021-07-21 11:56:53','2021-07-21 11:56:53'),(150,'1610612745-1630256',150,11,1,'2021-07-21 11:56:53','2021-07-21 11:56:53'),(151,'1610612745-201569',151,11,1,'2021-07-21 11:56:53','2021-07-21 11:56:53'),(152,'1610612745-201571',152,11,1,'2021-07-21 11:56:53','2021-07-21 11:56:53'),(153,'1610612745-202322',153,11,1,'2021-07-21 11:56:53','2021-07-21 11:56:53'),(154,'1610612745-202340',154,11,1,'2021-07-21 11:56:53','2021-07-21 11:56:53'),(155,'1610612745-203482',155,11,1,'2021-07-21 11:56:53','2021-07-21 11:56:53'),(156,'1610612745-203957',156,11,1,'2021-07-21 11:56:53','2021-07-21 11:56:53'),(157,'1610612746-1627812',157,12,1,'2021-07-21 11:56:54','2021-07-21 11:56:54'),(158,'1610612746-1627826',158,12,1,'2021-07-21 11:56:54','2021-07-21 11:56:54'),(159,'1610612746-1628379',159,12,1,'2021-07-21 11:56:54','2021-07-21 11:56:54'),(160,'1610612746-1629599',160,12,1,'2021-07-21 11:56:54','2021-07-21 11:56:54'),(161,'1610612746-1629611',161,12,1,'2021-07-21 11:56:54','2021-07-21 11:56:54'),(162,'1610612746-1630187',162,12,1,'2021-07-21 11:56:54','2021-07-21 11:56:54'),(163,'1610612746-1630206',163,12,1,'2021-07-21 11:56:54','2021-07-21 11:56:54'),(164,'1610612746-200765',164,12,1,'2021-07-21 11:56:54','2021-07-21 11:56:54'),(165,'1610612746-201586',165,12,1,'2021-07-21 11:56:54','2021-07-21 11:56:54'),(166,'1610612746-201587',166,12,1,'2021-07-21 11:56:54','2021-07-21 11:56:54'),(167,'1610612746-201976',167,12,1,'2021-07-21 11:56:54','2021-07-21 11:56:54'),(168,'1610612746-202326',168,12,1,'2021-07-21 11:56:54','2021-07-21 11:56:54'),(169,'1610612746-202331',169,12,1,'2021-07-21 11:56:54','2021-07-21 11:56:54'),(170,'1610612746-202335',170,12,1,'2021-07-21 11:56:54','2021-07-21 11:56:54'),(171,'1610612746-202694',171,12,1,'2021-07-21 11:56:54','2021-07-21 11:56:54'),(172,'1610612746-202695',172,12,1,'2021-07-21 11:56:54','2021-07-21 11:56:54'),(173,'1610612746-202704',173,12,1,'2021-07-21 11:56:54','2021-07-21 11:56:54'),(174,'1610612747-1626149',174,13,1,'2021-07-21 11:56:55','2021-07-21 11:56:55'),(175,'1610612747-1627936',175,13,1,'2021-07-21 11:56:55','2021-07-21 11:56:55'),(176,'1610612747-1628035',176,13,1,'2021-07-21 11:56:55','2021-07-21 11:56:55'),(177,'1610612747-1628398',177,13,1,'2021-07-21 11:56:55','2021-07-21 11:56:55'),(178,'1610612747-1628961',178,13,1,'2021-07-21 11:56:55','2021-07-21 11:56:55'),(179,'1610612747-1629659',179,13,1,'2021-07-21 11:56:55','2021-07-21 11:56:55'),(180,'1610612747-1629719',180,13,1,'2021-07-21 11:56:55','2021-07-21 11:56:55'),(181,'1610612747-201162',181,13,1,'2021-07-21 11:56:55','2021-07-21 11:56:55'),(182,'1610612747-201188',182,13,1,'2021-07-21 11:56:55','2021-07-21 11:56:55'),(183,'1610612747-202083',183,13,1,'2021-07-21 11:56:55','2021-07-21 11:56:55'),(184,'1610612747-202693',184,13,1,'2021-07-21 11:56:55','2021-07-21 11:56:55'),(185,'1610612747-203076',185,13,1,'2021-07-21 11:56:55','2021-07-21 11:56:55'),(186,'1610612747-203083',186,13,1,'2021-07-21 11:56:55','2021-07-21 11:56:55'),(187,'1610612747-203463',187,13,1,'2021-07-21 11:56:55','2021-07-21 11:56:55'),(188,'1610612747-203471',188,13,1,'2021-07-21 11:56:55','2021-07-21 11:56:55'),(189,'1610612747-203484',189,13,1,'2021-07-21 11:56:55','2021-07-21 11:56:55'),(190,'1610612747-2544',190,13,1,'2021-07-21 11:56:55','2021-07-21 11:56:55'),(191,'1610612748-1628389',191,14,1,'2021-07-21 11:56:56','2021-07-21 11:56:56'),(192,'1610612748-1629130',192,14,1,'2021-07-21 11:56:56','2021-07-21 11:56:56'),(193,'1610612748-1629134',193,14,1,'2021-07-21 11:56:56','2021-07-21 11:56:56'),(194,'1610612748-1629216',194,14,1,'2021-07-21 11:56:56','2021-07-21 11:56:56'),(195,'1610612748-1629622',195,14,1,'2021-07-21 11:56:56','2021-07-21 11:56:56'),(196,'1610612748-1629639',196,14,1,'2021-07-21 11:56:56','2021-07-21 11:56:56'),(197,'1610612748-1629644',197,14,1,'2021-07-21 11:56:56','2021-07-21 11:56:56'),(198,'1610612748-1630173',198,14,1,'2021-07-21 11:56:56','2021-07-21 11:56:56'),(199,'1610612748-1630209',199,14,1,'2021-07-21 11:56:56','2021-07-21 11:56:56'),(200,'1610612748-201609',200,14,1,'2021-07-21 11:56:56','2021-07-21 11:56:56'),(201,'1610612748-202357',201,14,1,'2021-07-21 11:56:56','2021-07-21 11:56:56'),(202,'1610612748-202710',202,14,1,'2021-07-21 11:56:56','2021-07-21 11:56:56'),(203,'1610612748-203473',203,14,1,'2021-07-21 11:56:56','2021-07-21 11:56:56'),(204,'1610612748-203506',204,14,1,'2021-07-21 11:56:56','2021-07-21 11:56:56'),(205,'1610612748-2617',205,14,1,'2021-07-21 11:56:56','2021-07-21 11:56:56'),(206,'1610612748-2738',206,14,1,'2021-07-21 11:56:56','2021-07-21 11:56:56'),(207,'1610612748-2772',207,14,1,'2021-07-21 11:56:56','2021-07-21 11:56:56'),(208,'1610612749-1626171',208,15,1,'2021-07-21 11:56:57','2021-07-21 11:56:57'),(209,'1610612749-1626192',209,15,1,'2021-07-21 11:56:57','2021-07-21 11:56:57'),(210,'1610612749-1626253',210,15,1,'2021-07-21 11:56:57','2021-07-21 11:56:57'),(211,'1610612749-1627854',211,15,1,'2021-07-21 11:56:57','2021-07-21 11:56:57'),(212,'1610612749-1628382',212,15,1,'2021-07-21 11:56:57','2021-07-21 11:56:57'),(213,'1610612749-1628978',213,15,1,'2021-07-21 11:56:57','2021-07-21 11:56:57'),(214,'1610612749-1629091',214,15,1,'2021-07-21 11:56:57','2021-07-21 11:56:57'),(215,'1610612749-1629603',215,15,1,'2021-07-21 11:56:57','2021-07-21 11:56:57'),(216,'1610612749-1629670',216,15,1,'2021-07-21 11:56:57','2021-07-21 11:56:57'),(217,'1610612749-1630241',217,15,1,'2021-07-21 11:56:57','2021-07-21 11:56:57'),(218,'1610612749-200782',218,15,1,'2021-07-21 11:56:57','2021-07-21 11:56:57'),(219,'1610612749-201572',219,15,1,'2021-07-21 11:56:57','2021-07-21 11:56:57'),(220,'1610612749-201950',220,15,1,'2021-07-21 11:56:57','2021-07-21 11:56:57'),(221,'1610612749-201952',221,15,1,'2021-07-21 11:56:57','2021-07-21 11:56:57'),(222,'1610612749-203114',222,15,1,'2021-07-21 11:56:57','2021-07-21 11:56:57'),(223,'1610612749-203507',223,15,1,'2021-07-21 11:56:57','2021-07-21 11:56:57'),(224,'1610612749-203648',224,15,1,'2021-07-21 11:56:57','2021-07-21 11:56:57'),(225,'1610612750-1626156',225,16,1,'2021-07-21 11:56:58','2021-07-21 11:56:58'),(226,'1610612750-1626157',226,16,1,'2021-07-21 11:56:58','2021-07-21 11:56:58'),(227,'1610612750-1627736',227,16,1,'2021-07-21 11:56:58','2021-07-21 11:56:58'),(228,'1610612750-1627774',228,16,1,'2021-07-21 11:56:58','2021-07-21 11:56:58'),(229,'1610612750-1627823',229,16,1,'2021-07-21 11:56:58','2021-07-21 11:56:58'),(230,'1610612750-1629006',230,16,1,'2021-07-21 11:56:58','2021-07-21 11:56:58'),(231,'1610612750-1629020',231,16,1,'2021-07-21 11:56:58','2021-07-21 11:56:58'),(232,'1610612750-1629162',232,16,1,'2021-07-21 11:56:58','2021-07-21 11:56:58'),(233,'1610612750-1629633',233,16,1,'2021-07-21 11:56:58','2021-07-21 11:56:58'),(234,'1610612750-1629669',234,16,1,'2021-07-21 11:56:58','2021-07-21 11:56:58'),(235,'1610612750-1629675',235,16,1,'2021-07-21 11:56:58','2021-07-21 11:56:58'),(236,'1610612750-1630162',236,16,1,'2021-07-21 11:56:58','2021-07-21 11:56:58'),(237,'1610612750-1630183',237,16,1,'2021-07-21 11:56:58','2021-07-21 11:56:58'),(238,'1610612750-201937',238,16,1,'2021-07-21 11:56:58','2021-07-21 11:56:58'),(239,'1610612750-202334',239,16,1,'2021-07-21 11:56:58','2021-07-21 11:56:58'),(240,'1610612751-1627789',240,17,1,'2021-07-21 11:56:59','2021-07-21 11:56:59'),(241,'1610612751-1628455',241,17,1,'2021-07-21 11:56:59','2021-07-21 11:56:59'),(242,'1610612751-1628971',242,17,1,'2021-07-21 11:56:59','2021-07-21 11:56:59'),(243,'1610612751-1628993',243,17,1,'2021-07-21 11:56:59','2021-07-21 11:56:59'),(244,'1610612751-1629013',244,17,1,'2021-07-21 11:56:59','2021-07-21 11:56:59'),(245,'1610612751-1629185',245,17,1,'2021-07-21 11:56:59','2021-07-21 11:56:59'),(246,'1610612751-1629617',246,17,1,'2021-07-21 11:56:59','2021-07-21 11:56:59'),(247,'1610612751-1629651',247,17,1,'2021-07-21 11:56:59','2021-07-21 11:56:59'),(248,'1610612751-201142',248,17,1,'2021-07-21 11:56:59','2021-07-21 11:56:59'),(249,'1610612751-201145',249,17,1,'2021-07-21 11:56:59','2021-07-21 11:56:59'),(250,'1610612751-201599',250,17,1,'2021-07-21 11:56:59','2021-07-21 11:56:59'),(251,'1610612751-201933',251,17,1,'2021-07-21 11:56:59','2021-07-21 11:56:59'),(252,'1610612751-201935',252,17,1,'2021-07-21 11:56:59','2021-07-21 11:56:59'),(253,'1610612751-202681',253,17,1,'2021-07-21 11:56:59','2021-07-21 11:56:59'),(254,'1610612751-203915',254,17,1,'2021-07-21 11:56:59','2021-07-21 11:56:59'),(255,'1610612751-203925',255,17,1,'2021-07-21 11:56:59','2021-07-21 11:56:59'),(256,'1610612751-204020',256,17,1,'2021-07-21 11:56:59','2021-07-21 11:56:59'),(257,'1610612752-1628373',257,18,1,'2021-07-21 11:57:00','2021-07-21 11:57:00'),(258,'1610612752-1628995',258,18,1,'2021-07-21 11:57:00','2021-07-21 11:57:00'),(259,'1610612752-1629011',259,18,1,'2021-07-21 11:57:00','2021-07-21 11:57:00'),(260,'1610612752-1629033',260,18,1,'2021-07-21 11:57:00','2021-07-21 11:57:00'),(261,'1610612752-1629607',261,18,1,'2021-07-21 11:57:00','2021-07-21 11:57:00'),(262,'1610612752-1629628',262,18,1,'2021-07-21 11:57:00','2021-07-21 11:57:00'),(263,'1610612752-1630167',263,18,1,'2021-07-21 11:57:00','2021-07-21 11:57:00'),(264,'1610612752-1630193',264,18,1,'2021-07-21 11:57:00','2021-07-21 11:57:00'),(265,'1610612752-1630492',265,18,1,'2021-07-21 11:57:00','2021-07-21 11:57:00'),(266,'1610612752-201565',266,18,1,'2021-07-21 11:57:00','2021-07-21 11:57:00'),(267,'1610612752-201959',267,18,1,'2021-07-21 11:57:00','2021-07-21 11:57:00'),(268,'1610612752-202692',268,18,1,'2021-07-21 11:57:00','2021-07-21 11:57:00'),(269,'1610612752-203457',269,18,1,'2021-07-21 11:57:00','2021-07-21 11:57:00'),(270,'1610612752-203493',270,18,1,'2021-07-21 11:57:00','2021-07-21 11:57:00'),(271,'1610612752-203658',271,18,1,'2021-07-21 11:57:00','2021-07-21 11:57:00'),(272,'1610612752-203901',272,18,1,'2021-07-21 11:57:00','2021-07-21 11:57:00'),(273,'1610612752-203944',273,18,1,'2021-07-21 11:57:00','2021-07-21 11:57:00'),(274,'1610612753-1626184',274,19,1,'2021-07-21 11:57:02','2021-07-21 11:57:02'),(275,'1610612753-1628365',275,19,1,'2021-07-21 11:57:02','2021-07-21 11:57:02'),(276,'1610612753-1628371',276,19,1,'2021-07-21 11:57:02','2021-07-21 11:57:02'),(277,'1610612753-1628407',277,19,1,'2021-07-21 11:57:02','2021-07-21 11:57:02'),(278,'1610612753-1628414',278,19,1,'2021-07-21 11:57:02','2021-07-21 11:57:02'),(279,'1610612753-1628964',279,19,1,'2021-07-21 11:57:02','2021-07-21 11:57:02'),(280,'1610612753-1628976',280,19,1,'2021-07-21 11:57:02','2021-07-21 11:57:02'),(281,'1610612753-1629021',281,19,1,'2021-07-21 11:57:02','2021-07-21 11:57:02'),(282,'1610612753-1629643',282,19,1,'2021-07-21 11:57:02','2021-07-21 11:57:02'),(283,'1610612753-1629649',283,19,1,'2021-07-21 11:57:02','2021-07-21 11:57:02'),(284,'1610612753-1630175',284,19,1,'2021-07-21 11:57:02','2021-07-21 11:57:02'),(285,'1610612753-1630181',285,19,1,'2021-07-21 11:57:02','2021-07-21 11:57:02'),(286,'1610612753-203082',286,19,1,'2021-07-21 11:57:02','2021-07-21 11:57:02'),(287,'1610612753-203487',287,19,1,'2021-07-21 11:57:02','2021-07-21 11:57:02'),(288,'1610612753-203490',288,19,1,'2021-07-21 11:57:02','2021-07-21 11:57:02'),(289,'1610612753-203516',289,19,1,'2021-07-21 11:57:02','2021-07-21 11:57:02'),(290,'1610612753-203914',290,19,1,'2021-07-21 11:57:02','2021-07-21 11:57:02'),(291,'1610612754-1626167',291,20,1,'2021-07-21 11:57:03','2021-07-21 11:57:03'),(292,'1610612754-1627734',292,20,1,'2021-07-21 11:57:03','2021-07-21 11:57:03'),(293,'1610612754-1627747',293,20,1,'2021-07-21 11:57:03','2021-07-21 11:57:03'),(294,'1610612754-1627763',294,20,1,'2021-07-21 11:57:03','2021-07-21 11:57:03'),(295,'1610612754-1628410',295,20,1,'2021-07-21 11:57:03','2021-07-21 11:57:03'),(296,'1610612754-1628578',296,20,1,'2021-07-21 11:57:03','2021-07-21 11:57:03'),(297,'1610612754-1628988',297,20,1,'2021-07-21 11:57:03','2021-07-21 11:57:03'),(298,'1610612754-1629048',298,20,1,'2021-07-21 11:57:03','2021-07-21 11:57:03'),(299,'1610612754-1629052',299,20,1,'2021-07-21 11:57:03','2021-07-21 11:57:03'),(300,'1610612754-1629103',300,20,1,'2021-07-21 11:57:03','2021-07-21 11:57:03'),(301,'1610612754-1630199',301,20,1,'2021-07-21 11:57:03','2021-07-21 11:57:03'),(302,'1610612754-203087',302,20,1,'2021-07-21 11:57:03','2021-07-21 11:57:03'),(303,'1610612754-203200',303,20,1,'2021-07-21 11:57:03','2021-07-21 11:57:03'),(304,'1610612754-203926',304,20,1,'2021-07-21 11:57:03','2021-07-21 11:57:03'),(305,'1610612754-203933',305,20,1,'2021-07-21 11:57:03','2021-07-21 11:57:03'),(306,'1610612754-203960',306,20,1,'2021-07-21 11:57:03','2021-07-21 11:57:03'),(307,'1610612754-204456',307,20,1,'2021-07-21 11:57:03','2021-07-21 11:57:03'),(308,'1610612755-1627732',308,21,1,'2021-07-21 11:57:04','2021-07-21 11:57:04'),(309,'1610612755-1627788',309,21,1,'2021-07-21 11:57:04','2021-07-21 11:57:04'),(310,'1610612755-1629003',310,21,1,'2021-07-21 11:57:04','2021-07-21 11:57:04'),(311,'1610612755-1629109',311,21,1,'2021-07-21 11:57:04','2021-07-21 11:57:04'),(312,'1610612755-1629680',312,21,1,'2021-07-21 11:57:04','2021-07-21 11:57:04'),(313,'1610612755-1629730',313,21,1,'2021-07-21 11:57:04','2021-07-21 11:57:04'),(314,'1610612755-1630178',314,21,1,'2021-07-21 11:57:04','2021-07-21 11:57:04'),(315,'1610612755-1630194',315,21,1,'2021-07-21 11:57:04','2021-07-21 11:57:04'),(316,'1610612755-1630198',316,21,1,'2021-07-21 11:57:04','2021-07-21 11:57:04'),(317,'1610612755-201229',317,21,1,'2021-07-21 11:57:04','2021-07-21 11:57:04'),(318,'1610612755-201588',318,21,1,'2021-07-21 11:57:04','2021-07-21 11:57:04'),(319,'1610612755-201980',319,21,1,'2021-07-21 11:57:04','2021-07-21 11:57:04'),(320,'1610612755-202699',320,21,1,'2021-07-21 11:57:04','2021-07-21 11:57:04'),(321,'1610612755-203118',321,21,1,'2021-07-21 11:57:04','2021-07-21 11:57:04'),(322,'1610612755-203552',322,21,1,'2021-07-21 11:57:04','2021-07-21 11:57:04'),(323,'1610612755-203954',323,21,1,'2021-07-21 11:57:04','2021-07-21 11:57:04'),(324,'1610612755-2730',324,21,1,'2021-07-21 11:57:04','2021-07-21 11:57:04'),(325,'1610612756-101108',325,22,1,'2021-07-21 11:57:05','2021-07-21 11:57:05'),(326,'1610612756-1626163',326,22,1,'2021-07-21 11:57:05','2021-07-21 11:57:05'),(327,'1610612756-1626164',327,22,1,'2021-07-21 11:57:05','2021-07-21 11:57:05'),(328,'1610612756-1626166',328,22,1,'2021-07-21 11:57:05','2021-07-21 11:57:05'),(329,'1610612756-1627846',329,22,1,'2021-07-21 11:57:05','2021-07-21 11:57:05'),(330,'1610612756-1628470',330,22,1,'2021-07-21 11:57:05','2021-07-21 11:57:05'),(331,'1610612756-1628969',331,22,1,'2021-07-21 11:57:05','2021-07-21 11:57:05'),(332,'1610612756-1628975',332,22,1,'2021-07-21 11:57:05','2021-07-21 11:57:05'),(333,'1610612756-1629028',333,22,1,'2021-07-21 11:57:05','2021-07-21 11:57:05'),(334,'1610612756-1629661',334,22,1,'2021-07-21 11:57:05','2021-07-21 11:57:05'),(335,'1610612756-1630188',335,22,1,'2021-07-21 11:57:05','2021-07-21 11:57:05'),(336,'1610612756-1630234',336,22,1,'2021-07-21 11:57:05','2021-07-21 11:57:05'),(337,'1610612756-202734',337,22,1,'2021-07-21 11:57:05','2021-07-21 11:57:05'),(338,'1610612756-203109',338,22,1,'2021-07-21 11:57:05','2021-07-21 11:57:05'),(339,'1610612756-203967',339,22,1,'2021-07-21 11:57:05','2021-07-21 11:57:05'),(340,'1610612756-204038',340,22,1,'2021-07-21 11:57:05','2021-07-21 11:57:05'),(341,'1610612757-1626178',341,23,1,'2021-07-21 11:57:06','2021-07-21 11:57:06'),(342,'1610612757-1626181',342,23,1,'2021-07-21 11:57:06','2021-07-21 11:57:06'),(343,'1610612757-1627884',343,23,1,'2021-07-21 11:57:06','2021-07-21 11:57:06'),(344,'1610612757-1628380',344,23,1,'2021-07-21 11:57:06','2021-07-21 11:57:06'),(345,'1610612757-1628385',345,23,1,'2021-07-21 11:57:06','2021-07-21 11:57:06'),(346,'1610612757-1628388',346,23,1,'2021-07-21 11:57:06','2021-07-21 11:57:06'),(347,'1610612757-1629014',347,23,1,'2021-07-21 11:57:06','2021-07-21 11:57:06'),(348,'1610612757-1629604',348,23,1,'2021-07-21 11:57:06','2021-07-21 11:57:06'),(349,'1610612757-1629642',349,23,1,'2021-07-21 11:57:06','2021-07-21 11:57:06'),(350,'1610612757-1629833',350,23,1,'2021-07-21 11:57:06','2021-07-21 11:57:06'),(351,'1610612757-202683',351,23,1,'2021-07-21 11:57:06','2021-07-21 11:57:06'),(352,'1610612757-203081',352,23,1,'2021-07-21 11:57:06','2021-07-21 11:57:06'),(353,'1610612757-203468',353,23,1,'2021-07-21 11:57:06','2021-07-21 11:57:06'),(354,'1610612757-203496',354,23,1,'2021-07-21 11:57:06','2021-07-21 11:57:06'),(355,'1610612757-203994',355,23,1,'2021-07-21 11:57:06','2021-07-21 11:57:06'),(356,'1610612757-2546',356,23,1,'2021-07-21 11:57:06','2021-07-21 11:57:06'),(357,'1610612758-1626153',357,24,1,'2021-07-21 11:57:07','2021-07-21 11:57:07'),(358,'1610612758-1626158',358,24,1,'2021-07-21 11:57:07','2021-07-21 11:57:07'),(359,'1610612758-1627741',359,24,1,'2021-07-21 11:57:07','2021-07-21 11:57:07'),(360,'1610612758-1627745',360,24,1,'2021-07-21 11:57:07','2021-07-21 11:57:07'),(361,'1610612758-1628368',361,24,1,'2021-07-21 11:57:07','2021-07-21 11:57:07'),(362,'1610612758-1628963',362,24,1,'2021-07-21 11:57:07','2021-07-21 11:57:07'),(363,'1610612758-1629002',363,24,1,'2021-07-21 11:57:07','2021-07-21 11:57:07'),(364,'1610612758-1629056',364,24,1,'2021-07-21 11:57:07','2021-07-21 11:57:07'),(365,'1610612758-1629657',365,24,1,'2021-07-21 11:57:07','2021-07-21 11:57:07'),(366,'1610612758-1629663',366,24,1,'2021-07-21 11:57:07','2021-07-21 11:57:07'),(367,'1610612758-1629713',367,24,1,'2021-07-21 11:57:07','2021-07-21 11:57:07'),(368,'1610612758-1630169',368,24,1,'2021-07-21 11:57:07','2021-07-21 11:57:07'),(369,'1610612758-1630186',369,24,1,'2021-07-21 11:57:07','2021-07-21 11:57:07'),(370,'1610612758-1630218',370,24,1,'2021-07-21 11:57:07','2021-07-21 11:57:07'),(371,'1610612758-202355',371,24,1,'2021-07-21 11:57:07','2021-07-21 11:57:07'),(372,'1610612758-203084',372,24,1,'2021-07-21 11:57:07','2021-07-21 11:57:07'),(373,'1610612758-203090',373,24,1,'2021-07-21 11:57:07','2021-07-21 11:57:07'),(374,'1610612759-1626168',374,25,1,'2021-07-21 11:57:08','2021-07-21 11:57:08'),(375,'1610612759-1627749',375,25,1,'2021-07-21 11:57:08','2021-07-21 11:57:08'),(376,'1610612759-1627751',376,25,1,'2021-07-21 11:57:08','2021-07-21 11:57:08'),(377,'1610612759-1628401',377,25,1,'2021-07-21 11:57:08','2021-07-21 11:57:08'),(378,'1610612759-1628966',378,25,1,'2021-07-21 11:57:08','2021-07-21 11:57:08'),(379,'1610612759-1629022',379,25,1,'2021-07-21 11:57:08','2021-07-21 11:57:08'),(380,'1610612759-1629234',380,25,1,'2021-07-21 11:57:08','2021-07-21 11:57:08'),(381,'1610612759-1629610',381,25,1,'2021-07-21 11:57:08','2021-07-21 11:57:08'),(382,'1610612759-1629640',382,25,1,'2021-07-21 11:57:08','2021-07-21 11:57:08'),(383,'1610612759-1629677',383,25,1,'2021-07-21 11:57:08','2021-07-21 11:57:08'),(384,'1610612759-1629683',384,25,1,'2021-07-21 11:57:08','2021-07-21 11:57:08'),(385,'1610612759-1630170',385,25,1,'2021-07-21 11:57:08','2021-07-21 11:57:08'),(386,'1610612759-1630200',386,25,1,'2021-07-21 11:57:08','2021-07-21 11:57:08'),(387,'1610612759-200752',387,25,1,'2021-07-21 11:57:08','2021-07-21 11:57:08'),(388,'1610612759-201942',388,25,1,'2021-07-21 11:57:08','2021-07-21 11:57:08'),(389,'1610612759-201988',389,25,1,'2021-07-21 11:57:08','2021-07-21 11:57:08'),(390,'1610612759-203476',390,25,1,'2021-07-21 11:57:08','2021-07-21 11:57:08'),(391,'1610612760-1628396',391,26,1,'2021-07-21 11:57:09','2021-07-21 11:57:09'),(392,'1610612760-1628983',392,26,1,'2021-07-21 11:57:09','2021-07-21 11:57:09'),(393,'1610612760-1629004',393,26,1,'2021-07-21 11:57:09','2021-07-21 11:57:09'),(394,'1610612760-1629026',394,26,1,'2021-07-21 11:57:09','2021-07-21 11:57:09'),(395,'1610612760-1629647',395,26,1,'2021-07-21 11:57:09','2021-07-21 11:57:09'),(396,'1610612760-1629652',396,26,1,'2021-07-21 11:57:09','2021-07-21 11:57:09'),(397,'1610612760-1629658',397,26,1,'2021-07-21 11:57:09','2021-07-21 11:57:09'),(398,'1610612760-1629660',398,26,1,'2021-07-21 11:57:09','2021-07-21 11:57:09'),(399,'1610612760-1629676',399,26,1,'2021-07-21 11:57:09','2021-07-21 11:57:09'),(400,'1610612760-1629718',400,26,1,'2021-07-21 11:57:09','2021-07-21 11:57:09'),(401,'1610612760-1630177',401,26,1,'2021-07-21 11:57:09','2021-07-21 11:57:09'),(402,'1610612760-1630197',402,26,1,'2021-07-21 11:57:09','2021-07-21 11:57:09'),(403,'1610612760-1630221',403,26,1,'2021-07-21 11:57:09','2021-07-21 11:57:09'),(404,'1610612760-1630466',404,26,1,'2021-07-21 11:57:09','2021-07-21 11:57:09'),(405,'1610612760-202689',405,26,1,'2021-07-21 11:57:09','2021-07-21 11:57:09'),(406,'1610612760-203488',406,26,1,'2021-07-21 11:57:09','2021-07-21 11:57:09'),(407,'1610612761-1626169',407,27,1,'2021-07-21 11:57:10','2021-07-21 11:57:10'),(408,'1610612761-1627761',408,27,1,'2021-07-21 11:57:10','2021-07-21 11:57:10'),(409,'1610612761-1627783',409,27,1,'2021-07-21 11:57:10','2021-07-21 11:57:10'),(410,'1610612761-1627832',410,27,1,'2021-07-21 11:57:10','2021-07-21 11:57:10'),(411,'1610612761-1628384',411,27,1,'2021-07-21 11:57:10','2021-07-21 11:57:10'),(412,'1610612761-1628449',412,27,1,'2021-07-21 11:57:10','2021-07-21 11:57:10'),(413,'1610612761-1628778',413,27,1,'2021-07-21 11:57:10','2021-07-21 11:57:10'),(414,'1610612761-1629018',414,27,1,'2021-07-21 11:57:10','2021-07-21 11:57:10'),(415,'1610612761-1629139',415,27,1,'2021-07-21 11:57:10','2021-07-21 11:57:10'),(416,'1610612761-1630201',416,27,1,'2021-07-21 11:57:10','2021-07-21 11:57:10'),(417,'1610612761-1630273',417,27,1,'2021-07-21 11:57:10','2021-07-21 11:57:10'),(418,'1610612761-200768',418,27,1,'2021-07-21 11:57:10','2021-07-21 11:57:10'),(419,'1610612761-203382',419,27,1,'2021-07-21 11:57:10','2021-07-21 11:57:10'),(420,'1610612761-203918',420,27,1,'2021-07-21 11:57:10','2021-07-21 11:57:10'),(421,'1610612761-203920',421,27,1,'2021-07-21 11:57:10','2021-07-21 11:57:10'),(422,'1610612762-101141',422,28,1,'2021-07-21 11:57:11','2021-07-21 11:57:11'),(423,'1610612762-1626220',423,28,1,'2021-07-21 11:57:11','2021-07-21 11:57:11'),(424,'1610612762-1627777',424,28,1,'2021-07-21 11:57:11','2021-07-21 11:57:11'),(425,'1610612762-1628378',425,28,1,'2021-07-21 11:57:11','2021-07-21 11:57:11'),(426,'1610612762-1628962',426,28,1,'2021-07-21 11:57:11','2021-07-21 11:57:11'),(427,'1610612762-1629671',427,28,1,'2021-07-21 11:57:11','2021-07-21 11:57:11'),(428,'1610612762-1629714',428,28,1,'2021-07-21 11:57:11','2021-07-21 11:57:11'),(429,'1610612762-1629744',429,28,1,'2021-07-21 11:57:11','2021-07-21 11:57:11'),(430,'1610612762-1629752',430,28,1,'2021-07-21 11:57:11','2021-07-21 11:57:11'),(431,'1610612762-1630190',431,28,1,'2021-07-21 11:57:11','2021-07-21 11:57:11'),(432,'1610612762-1630235',432,28,1,'2021-07-21 11:57:11','2021-07-21 11:57:11'),(433,'1610612762-201144',433,28,1,'2021-07-21 11:57:11','2021-07-21 11:57:11'),(434,'1610612762-202324',434,28,1,'2021-07-21 11:57:11','2021-07-21 11:57:11'),(435,'1610612762-202711',435,28,1,'2021-07-21 11:57:11','2021-07-21 11:57:11'),(436,'1610612762-203497',436,28,1,'2021-07-21 11:57:11','2021-07-21 11:57:11'),(437,'1610612762-203903',437,28,1,'2021-07-21 11:57:11','2021-07-21 11:57:11'),(438,'1610612762-204060',438,28,1,'2021-07-21 11:57:11','2021-07-21 11:57:11'),(439,'1610612763-1626145',439,29,1,'2021-07-21 11:57:12','2021-07-21 11:57:12'),(440,'1610612763-1626159',440,29,1,'2021-07-21 11:57:12','2021-07-21 11:57:12'),(441,'1610612763-1628415',441,29,1,'2021-07-21 11:57:12','2021-07-21 11:57:12'),(442,'1610612763-1628960',442,29,1,'2021-07-21 11:57:12','2021-07-21 11:57:12'),(443,'1610612763-1628991',443,29,1,'2021-07-21 11:57:12','2021-07-21 11:57:12'),(444,'1610612763-1629001',444,29,1,'2021-07-21 11:57:12','2021-07-21 11:57:12'),(445,'1610612763-1629007',445,29,1,'2021-07-21 11:57:12','2021-07-21 11:57:12'),(446,'1610612763-1629630',446,29,1,'2021-07-21 11:57:12','2021-07-21 11:57:12'),(447,'1610612763-1629634',447,29,1,'2021-07-21 11:57:12','2021-07-21 11:57:12'),(448,'1610612763-1629681',448,29,1,'2021-07-21 11:57:12','2021-07-21 11:57:12'),(449,'1610612763-1629723',449,29,1,'2021-07-21 11:57:12','2021-07-21 11:57:12'),(450,'1610612763-1630214',450,29,1,'2021-07-21 11:57:12','2021-07-21 11:57:12'),(451,'1610612763-1630217',451,29,1,'2021-07-21 11:57:12','2021-07-21 11:57:12'),(452,'1610612763-1630253',452,29,1,'2021-07-21 11:57:12','2021-07-21 11:57:12'),(453,'1610612763-202685',453,29,1,'2021-07-21 11:57:12','2021-07-21 11:57:12'),(454,'1610612763-203937',454,29,1,'2021-07-21 11:57:12','2021-07-21 11:57:12'),(455,'1610612763-204025',455,29,1,'2021-07-21 11:57:12','2021-07-21 11:57:12'),(456,'1610612764-1628418',456,30,1,'2021-07-21 11:57:14','2021-07-21 11:57:14'),(457,'1610612764-1628990',457,30,1,'2021-07-21 11:57:14','2021-07-21 11:57:14'),(458,'1610612764-1629060',458,30,1,'2021-07-21 11:57:14','2021-07-21 11:57:14'),(459,'1610612764-1629067',459,30,1,'2021-07-21 11:57:14','2021-07-21 11:57:14'),(460,'1610612764-1629655',460,30,1,'2021-07-21 11:57:14','2021-07-21 11:57:14'),(461,'1610612764-1629726',461,30,1,'2021-07-21 11:57:14','2021-07-21 11:57:14'),(462,'1610612764-1630166',462,30,1,'2021-07-21 11:57:14','2021-07-21 11:57:14'),(463,'1610612764-1630216',463,30,1,'2021-07-21 11:57:14','2021-07-21 11:57:14'),(464,'1610612764-1630258',464,30,1,'2021-07-21 11:57:14','2021-07-21 11:57:14'),(465,'1610612764-1630264',465,30,1,'2021-07-21 11:57:14','2021-07-21 11:57:14'),(466,'1610612764-201566',466,30,1,'2021-07-21 11:57:14','2021-07-21 11:57:14'),(467,'1610612764-201577',467,30,1,'2021-07-21 11:57:14','2021-07-21 11:57:14'),(468,'1610612764-202397',468,30,1,'2021-07-21 11:57:14','2021-07-21 11:57:14'),(469,'1610612764-202722',469,30,1,'2021-07-21 11:57:14','2021-07-21 11:57:14'),(470,'1610612764-203078',470,30,1,'2021-07-21 11:57:14','2021-07-21 11:57:14'),(471,'1610612764-203458',471,30,1,'2021-07-21 11:57:14','2021-07-21 11:57:14'),(472,'1610612764-203526',472,30,1,'2021-07-21 11:57:14','2021-07-21 11:57:14'),(473,'1610612765-1626143',473,31,1,'2021-07-21 11:57:15','2021-07-21 11:57:15'),(474,'1610612765-1628367',474,31,1,'2021-07-21 11:57:15','2021-07-21 11:57:15'),(475,'1610612765-1628372',475,31,1,'2021-07-21 11:57:15','2021-07-21 11:57:15'),(476,'1610612765-1628402',476,31,1,'2021-07-21 11:57:15','2021-07-21 11:57:15'),(477,'1610612765-1628977',477,31,1,'2021-07-21 11:57:15','2021-07-21 11:57:15'),(478,'1610612765-1629076',478,31,1,'2021-07-21 11:57:15','2021-07-21 11:57:15'),(479,'1610612765-1629635',479,31,1,'2021-07-21 11:57:15','2021-07-21 11:57:15'),(480,'1610612765-1629686',480,31,1,'2021-07-21 11:57:15','2021-07-21 11:57:15'),(481,'1610612765-1630165',481,31,1,'2021-07-21 11:57:15','2021-07-21 11:57:15'),(482,'1610612765-1630180',482,31,1,'2021-07-21 11:57:15','2021-07-21 11:57:15'),(483,'1610612765-1630191',483,31,1,'2021-07-21 11:57:15','2021-07-21 11:57:15'),(484,'1610612765-1630240',484,31,1,'2021-07-21 11:57:15','2021-07-21 11:57:15'),(485,'1610612765-201961',485,31,1,'2021-07-21 11:57:15','2021-07-21 11:57:15'),(486,'1610612765-202709',486,31,1,'2021-07-21 11:57:15','2021-07-21 11:57:15'),(487,'1610612765-203486',487,31,1,'2021-07-21 11:57:15','2021-07-21 11:57:15'),(488,'1610612765-203585',488,31,1,'2021-07-21 11:57:15','2021-07-21 11:57:15'),(489,'1610612765-203924',489,31,1,'2021-07-21 11:57:15','2021-07-21 11:57:15'),(490,'1610612766-1626179',490,32,1,'2021-07-21 11:57:16','2021-07-21 11:57:16'),(491,'1610612766-1628370',491,32,1,'2021-07-21 11:57:16','2021-07-21 11:57:16'),(492,'1610612766-1628970',492,32,1,'2021-07-21 11:57:16','2021-07-21 11:57:16'),(493,'1610612766-1628984',493,32,1,'2021-07-21 11:57:16','2021-07-21 11:57:16'),(494,'1610612766-1628997',494,32,1,'2021-07-21 11:57:16','2021-07-21 11:57:16'),(495,'1610612766-1628998',495,32,1,'2021-07-21 11:57:16','2021-07-21 11:57:16'),(496,'1610612766-1629023',496,32,1,'2021-07-21 11:57:16','2021-07-21 11:57:16'),(497,'1610612766-1629667',497,32,1,'2021-07-21 11:57:16','2021-07-21 11:57:16'),(498,'1610612766-1630163',498,32,1,'2021-07-21 11:57:16','2021-07-21 11:57:16'),(499,'1610612766-1630176',499,32,1,'2021-07-21 11:57:16','2021-07-21 11:57:16'),(500,'1610612766-1630203',500,32,1,'2021-07-21 11:57:16','2021-07-21 11:57:16'),(501,'1610612766-1630208',501,32,1,'2021-07-21 11:57:16','2021-07-21 11:57:16'),(502,'1610612766-1630268',502,32,1,'2021-07-21 11:57:16','2021-07-21 11:57:16'),(503,'1610612766-202330',503,32,1,'2021-07-21 11:57:16','2021-07-21 11:57:16'),(504,'1610612766-202687',504,32,1,'2021-07-21 11:57:16','2021-07-21 11:57:16'),(505,'1610612766-202954',505,32,1,'2021-07-21 11:57:16','2021-07-21 11:57:16'),(506,'1610612766-203469',506,32,1,'2021-07-21 11:57:16','2021-07-21 11:57:16');
/*!40000 ALTER TABLE `roster` ENABLE KEYS */;
UNLOCK TABLES;

--
-- Table structure for table `team`
--

/*!40101 SET @saved_cs_client     = @@character_set_client */;
/*!40101 SET character_set_client = utf8 */;
CREATE TABLE `team` (
  `id` bigint(20) NOT NULL AUTO_INCREMENT,
  `external_id` varchar(128) DEFAULT NULL,
  `name` varchar(128) NOT NULL,
  `abbreviation` varchar(128) DEFAULT NULL,
  `created_timestamp` datetime NOT NULL DEFAULT current_timestamp(),
  `modified_timestamp` datetime NOT NULL DEFAULT current_timestamp() ON UPDATE current_timestamp(),
  PRIMARY KEY (`id`),
  UNIQUE KEY `uq_team_name` (`name`)
) ENGINE=InnoDB AUTO_INCREMENT=33 DEFAULT CHARSET=utf8;
/*!40101 SET character_set_client = @saved_cs_client */;

--
-- Dumping data for table `team`
--

LOCK TABLES `team` WRITE;
/*!40000 ALTER TABLE `team` DISABLE KEYS */;
INSERT INTO `team` VALUES (1,NULL,'Easy Company',NULL,'2021-07-21 11:56:18','2021-07-21 11:56:18'),(2,NULL,'UnEasy Company',NULL,'2021-07-21 11:56:18','2021-07-21 11:56:18'),(3,'1610612737','Hawks','ATL','2021-07-21 11:56:43','2021-07-21 11:56:43'),(4,'1610612738','Celtics','BOS','2021-07-21 11:56:44','2021-07-21 11:56:44'),(5,'1610612739','Cavaliers','CLE','2021-07-21 11:56:46','2021-07-21 11:56:46'),(6,'1610612740','Pelicans','NOP','2021-07-21 11:56:47','2021-07-21 11:56:47'),(7,'1610612741','Bulls','CHI','2021-07-21 11:56:48','2021-07-21 11:56:48'),(8,'1610612742','Mavericks','DAL','2021-07-21 11:56:49','2021-07-21 11:56:49'),(9,'1610612743','Nuggets','DEN','2021-07-21 11:56:50','2021-07-21 11:56:50'),(10,'1610612744','Warriors','GSW','2021-07-21 11:56:51','2021-07-21 11:56:51'),(11,'1610612745','Rockets','HOU','2021-07-21 11:56:52','2021-07-21 11:56:52'),(12,'1610612746','Clippers','LAC','2021-07-21 11:56:53','2021-07-21 11:56:53'),(13,'1610612747','Lakers','LAL','2021-07-21 11:56:54','2021-07-21 11:56:54'),(14,'1610612748','Heat','MIA','2021-07-21 11:56:55','2021-07-21 11:56:55'),(15,'1610612749','Bucks','MIL','2021-07-21 11:56:57','2021-07-21 11:56:57'),(16,'1610612750','Timberwolves','MIN','2021-07-21 11:56:58','2021-07-21 11:56:58'),(17,'1610612751','Nets','BKN','2021-07-21 11:56:59','2021-07-21 11:56:59'),(18,'1610612752','Knicks','NYK','2021-07-21 11:57:00','2021-07-21 11:57:00'),(19,'1610612753','Magic','ORL','2021-07-21 11:57:01','2021-07-21 11:57:01'),(20,'1610612754','Pacers','IND','2021-07-21 11:57:02','2021-07-21 11:57:02'),(21,'1610612755','76ers','PHI','2021-07-21 11:57:03','2021-07-21 11:57:03'),(22,'1610612756','Suns','PHX','2021-07-21 11:57:04','2021-07-21 11:57:04'),(23,'1610612757','Trail Blazers','POR','2021-07-21 11:57:05','2021-07-21 11:57:05'),(24,'1610612758','Kings','SAC','2021-07-21 11:57:06','2021-07-21 11:57:06'),(25,'1610612759','Spurs','SAS','2021-07-21 11:57:08','2021-07-21 11:57:08'),(26,'1610612760','Thunder','OKC','2021-07-21 11:57:09','2021-07-21 11:57:09'),(27,'1610612761','Raptors','TOR','2021-07-21 11:57:10','2021-07-21 11:57:10'),(28,'1610612762','Jazz','UTA','2021-07-21 11:57:11','2021-07-21 11:57:11'),(29,'1610612763','Grizzlies','MEM','2021-07-21 11:57:12','2021-07-21 11:57:12'),(30,'1610612764','Wizards','WAS','2021-07-21 11:57:13','2021-07-21 11:57:13'),(31,'1610612765','Pistons','DET','2021-07-21 11:57:14','2021-07-21 11:57:14'),(32,'1610612766','Hornets','CHA','2021-07-21 11:57:15','2021-07-21 11:57:15');
/*!40000 ALTER TABLE `team` ENABLE KEYS */;
UNLOCK TABLES;

--
-- Dumping routines for database 'app'
--
/*!40103 SET TIME_ZONE=@OLD_TIME_ZONE */;

/*!40101 SET SQL_MODE=@OLD_SQL_MODE */;
/*!40014 SET FOREIGN_KEY_CHECKS=@OLD_FOREIGN_KEY_CHECKS */;
/*!40014 SET UNIQUE_CHECKS=@OLD_UNIQUE_CHECKS */;
/*!40101 SET CHARACTER_SET_CLIENT=@OLD_CHARACTER_SET_CLIENT */;
/*!40101 SET CHARACTER_SET_RESULTS=@OLD_CHARACTER_SET_RESULTS */;
/*!40101 SET COLLATION_CONNECTION=@OLD_COLLATION_CONNECTION */;
/*!40111 SET SQL_NOTES=@OLD_SQL_NOTES */;

-- Dump completed on 2021-08-13 20:25:55
